Student_ID,Attendance_%,CGPA,Assignments_Submitted,Lab_Hours_Per_Week,Has_Part_Time_Job,Scholarship,Counsellor_Visits,Dropped_Out
STU0672,82.3,7.18,27,8.2,1,1,1,0
STU0275,60,5.92,29,16.2,0,0,1,1
STU1683,87.5,5.23,5,1.2,0,0,4,0
STU0663,81.4,6.44,23,10,1,0,1,0
STU0641,67.4,,12,8.8,0,1,2,1
STU0177,51.4,6.23,11,16.8,0,1,3,0
STU1536,,,10,12.6,0,0,0,1
STU0344,54.8,6.57,20,10.2,0,0,0,0
STU1157,69.8,7.41,1,6.9,0,1,1,1
STU0655,54.2,7.49,2,7.8,0,0,1,1
STU0835,80,4.68,4,11,0,0,4,1
STU1393,83.3,6.09,4,11.3,0,0,0,1
STU1955,58.5,6.4,14,6.9,0,0,0,1
STU1082,73.9,5.81,8,8.4,1,0,1,0
STU0313,100,7.42,7,8.6,0,0,1,0
STU1718,33.7,6.32,24,0,0,1,2,1
STU1572,51.1,6.75,21,12.6,0,0,4,0
STU0109,92.1,4.48,19,8.1,1,0,2,0
STU0081,83.5,6.3,24,9.4,0,0,3,1
STU0569,51.4,6.43,11,11.1,0,0,2,0
STU0918,73.1,7.47,25,7.3,0,0,1,0
STU0360,76.9,6.1,6,9.2,0,0,4,1
STU0651,85.2,7.45,23,9.9,0,0,1,1
STU1331,68.1,6.2,8,8.2,0,0,2,0
STU1279,76.7,5.46,16,5.6,1,0,0,1
STU1405,70,5.87,20,10.8,Yes,1,0,0
STU0644,68.5,6.26,12,7.6,0,1,3,1
STU0448,61,5.06,17,6.6,0,0,1,0
STU1375,,6.49,9,8.1,0,1,1,0
STU1304,63.7,8.21,9,14.3,0,0,1,0
STU0334,44.5,5.8,1,6,1,1,0,1
STU0290,64.7,6.8,26,7.9,1,0,2,1
STU0638,65.2,5.4,8,7,0,0,0,1
STU0282,113.8,7.93,22,6.3,0,0,1,1
STU1809,62.9,8.4,15,3.9,0,0,3,0
STU0956,91.1,,0,6.9,1,0,3,0
STU0373,67.9,6.25,7,5.9,0,0,2,1
STU1293,88.5,7.01,9,6.4,0,0,0,0
STU1732,57.8,7.34,26,4.5,1,0,0,1
STU0784,78.3,7.59,21,8.7,No,0,0,0
STU0391,96,,7,6,1,0,0,0
STU1414,60.9,6.19,13,4.6,0,1,4,1
STU1272,61.8,7.02,28,8.9,0,1,0,0
STU1220,100,6.28,16,13,1,0,1,1
STU0470,48.6,5.51,9,9,1,0,4,1
STU0274,77.9,5.84,26,6.5,1,0,0,1
STU1916,60.6,6.53,3,8.5,1,1,1,0
STU0487,67.2,7.12,26,6.4,0,1,4,1
STU1799,82.6,7.41,22,6,0,1,2,1
STU0993,78,7,5,10.5,0,0,4,0
STU1450,77.1,5.27,23,10.7,0,0,1,0
STU0110,81.4,7.03,0,11.9,0,0,4,1
STU1627,,5.65,12,5,0,0,1,0
STU0084,54.7,7.96,21,9.2,0,0,4,0
STU1723,73.2,8.65,1,9.2,1,0,2,0
STU0988,59.1,7.04,28,9,0,1,0,0
STU1812,70.9,6.61,20,6.3,1,1,0,0
STU0917,62.6,,12,9.1,1,0,1,0
STU1948,69,6.52,12,11.1,1,0,0,0
STU1968,79.6,,20,5.7,0,0,1,0
STU1735,67.1,6.75,22,8,0,1,4,0
STU1411,63,,15,3,1,1,0,0
STU0051,52,8.21,18,3.6,1,0,0,0
STU0889,80.1,12.97,13,12.3,0,0,0,0
STU1445,77.4,8.2,17,8.5,0,1,2,0
STU0811,71.2,,17,8.2,1,0,0,1
STU0571,72,7.5,20,8.7,1,1,0,0
STU1371,70.9,7.21,20,3.7,1,0,2,1
STU1367,,6.35,11,5.2,0,1,1,0
STU0845,63.4,7.85,30,9.5,0,0,1,0
STU1453,66,6.6,30,10,0,0,2,0
STU0200,,7.26,25,12.1,1,0,3,0
STU1895,58.2,8.07,25,4.8,No,0,0,0
STU1100,76.6,6.32,11,6.3,1,1,0,1
STU1679,50.3,6.82,2,7.9,1,0,1,0
STU0456,100,8.9,26,10.2,0,0,1,0
STU0449,88.3,,28,9.9,0,0,1,0
STU1296,59.2,4.83,29,7.2,0,0,1,0
STU1332,78.6,7.82,8,7.2,0,0,4,0
STU1961,79.2,6.99,26,10.1,1,0,0,0
STU0143,71.1,6.74,22,8.5,0,1,0,1
STU0210,54.4,,3,3.3,1,1,0,1
STU0217,90.6,6.49,14,6.6,1,0,3,1
STU0881,45.6,6.5,4,5.1,0,0,0,1
STU0666,44.8,6.18,3,10.7,0,0,0,1
STU1259,55.3,7.32,10,7.4,1,1,0,0
STU1551,,5.77,7,2.6,1,0,0,1
STU1507,71,5.84,24,9.1,0,0,2,0
STU1024,67.3,6.87,13,4.3,0,0,2,0
STU1927,53.3,5.43,18,9,0,1,2,0
STU1264,66.4,6.46,23,6.9,1,1,0,1
STU0688,74,6.29,18,3,0,0,2,0
STU1260,,7.27,28,7.2,1,1,0,0
STU1256,50.4,8.35,23,10,0,1,0,1
STU0090,68.9,8.73,2,1.8,1,0,1,1
STU0279,99.8,6.3,8,4.7,0,0,1,0
STU0267,86.9,7.11,5,7.6,0,0,1,0
STU1190,80.1,5.16,23,13.3,0,0,0,1
STU0711,66.5,7.01,14,8.1,0,0,1,0
STU0318,76.8,7.77,13,5.8,0,0,0,0
STU1424,78.1,5.96,27,3.1,0,0,0,0
STU1854,74.2,8.65,0,10.9,0,1,0,0
STU1263,84.4,7.19,1,9.2,0,0,1,0
STU1095,76.1,8.68,28,9.8,1,0,2,1
STU0139,72.2,7.48,24,6.2,0,1,1,1
STU1922,70.7,5.48,26,6.7,1,0,1,1
STU1096,74.6,5.64,24,3.9,0,1,0,1
STU1116,88.8,5.4,18,7.5,1,1,3,0
STU0198,73.2,5.23,4,7,0,0,1,0
STU0305,68.3,7.2,26,11.9,1,0,2,0
STU1755,62.9,7.06,26,10,0,0,1,0
STU1873,63.9,7.01,16,11.9,0,1,1,0
STU0272,66.1,8.61,28,4.8,0,0,3,1
STU1488,63.4,6.74,3,3.9,0,0,0,0
STU0393,,7.67,4,8.3,1,0,2,0
STU1005,77.8,8.14,2,7.6,0,1,1,1
STU0902,56.6,9.02,5,11,0,0,3,0
STU1486,81.3,3.52,14,8,1,0,0,1
STU1934,78.6,8.3,3,7.6,1,0,1,0
STU0645,76.4,4.54,0,3.3,0,0,2,1
STU1777,89.6,6.17,11,13.9,0,0,0,1
STU2000,,4.09,18,12.8,1,0,4,0
STU0907,69,6.31,9,11.1,1,0,2,0
STU1736,74.7,,13,7.9,0,0,1,0
STU1384,100,5.97,19,11.1,1,1,1,0
STU0674,76,7.26,26,12,0,0,4,0
STU0241,86.8,4.9,18,8.5,1,0,2,1
STU0154,100,9.18,11,8,0,1,0,0
STU0167,61.3,8.15,17,6,1,0,2,0
STU0810,62.6,4.68,14,8.1,1,0,1,0
STU1645,86,6.57,4,5.7,1,0,1,1
STU0678,62.9,6.22,27,10.8,0,0,0,1
STU1481,68.8,,25,6.9,No,0,0,0
STU1591,86.9,6.5,9,6.7,1,0,1,0
STU0096,40.4,6.97,4,2.3,0,0,3,1
STU0064,,,24,10.9,0,0,2,0
STU0950,71.6,7.18,9,8.6,0,0,0,0
STU0844,81.1,8.49,13,7.1,1,0,0,0
STU1824,60.4,4.37,1,8.5,0,0,1,0
STU1946,,8.04,28,10.6,0,0,4,0
STU1355,71.8,6.41,15,7.8,1,1,0,1
STU1273,77.6,6.48,2,11.8,0,0,0,1
STU1156,78,6.29,18,7.6,0,1,0,1
STU1050,62.8,6.56,2,11.9,0,0,2,0
STU1351,59,7.63,14,7.4,1,0,0,0
STU1762,71.1,5.83,8,12.7,0,0,2,1
STU1614,,7.24,25,7.9,0,0,0,0
STU0880,70.4,7.79,15,7.7,0,0,1,1
STU0014,68.1,6.04,14,6.3,0,0,1,0
STU1719,,6.21,24,12.2,0,0,1,0
STU0530,77.6,6.09,14,4.2,0,0,0,1
STU1604,60.8,7.6,23,15.8,1,0,0,1
STU0960,95.8,7.14,1,8,0,0,1,1
STU1180,96.4,6.17,20,4.6,0,0,4,1
STU0355,50.8,6.03,23,6.6,1,0,2,0
STU0904,84.4,3.93,3,4.9,Yes,1,0,1
STU1603,59.9,7.07,22,4.2,1,0,0,1
STU1168,,9.07,27,5.1,0,1,1,0
STU0858,71.3,6.09,9,9,0,0,0,1
STU1543,22.2,6.09,8,7.8,0,0,2,0
STU0815,71.8,5.47,22,7.1,1,0,0,0
STU0339,73.8,6.98,24,6.3,0,0,4,0
STU0120,60.4,5.77,12,6.8,1,0,1,0
STU1741,63.1,7.43,30,9.6,0,1,1,0
STU1974,57.9,5.17,10,7.4,0,0,4,0
STU1025,67.2,8.47,21,9,1,0,1,0
STU1172,84.2,6.02,22,10.7,1,1,0,0
STU0797,70.7,8.73,30,5.2,1,1,1,0
STU1058,82.5,,23,9.8,1,0,3,0
STU0833,60.6,5.95,26,8.4,1,1,3,0
STU1811,76.6,7.45,6,5.4,0,0,0,0
STU0780,87.8,,28,10.4,0,0,0,1
STU1002,56.8,7.79,15,4.1,0,0,2,0
STU1505,59.3,5.23,18,7.5,1,0,1,0
STU0438,43,4.69,8,4.2,1,0,2,1
STU0891,78.2,8.69,4,2.4,0,1,4,0
STU1225,,5.66,16,9.1,1,1,4,0
STU1657,72.1,5.5,5,2.2,0,0,1,0
STU0010,71.8,6.59,10,6.7,1,1,1,0
STU1550,84.4,7.95,2,3,Yes,0,3,1
STU0205,68.6,7.28,26,14.9,0,0,2,0
STU0023,88.4,5.83,9,6.4,0,0,0,1
STU0130,100,6.46,18,1.9,Yes,0,0,1
STU1521,91.9,6.09,3,5.4,0,0,2,0
STU1391,77.7,6.58,22,13.5,0,0,1,0
STU1765,71.9,6.43,0,10,1,1,0,0
STU0890,44.1,5.98,25,7.7,1,0,2,1
STU0877,42.3,9.23,17,10.6,1,0,0,1
STU1542,66.9,5.42,7,6.9,0,0,1,0
STU1888,100,5.64,17,7.5,0,0,0,0
STU1338,75.4,6.68,21,8.6,1,1,1,0
STU0527,84.1,,20,8.3,0,0,0,1
STU0424,66.6,7.94,9,10,0,0,0,1
STU1571,87.1,6.91,16,6,0,1,0,0
STU0300,50.9,7.33,30,10.6,1,0,0,0
STU0430,68,7.33,4,6.4,0,0,1,0
STU0179,75.6,7.16,5,7.9,1,1,1,1
STU1714,96.9,7.98,7,10.4,1,0,2,0
STU0585,79.9,6.81,26,10.8,0,0,0,0
STU1274,43.7,6.29,14,9.3,1,0,0,1
STU1439,70.3,7.39,14,9.3,0,0,2,0
STU0559,79.2,6.11,6,8.5,0,0,0,0
STU1921,70.7,6.52,0,6.7,1,0,1,0
STU0994,77.5,6.25,13,11.2,0,0,0,0
STU1364,81.7,6.9,30,9.4,0,1,0,1
STU1913,82.5,7.19,23,4.6,1,0,0,0
STU0709,55.2,7.57,17,3.9,No,0,0,0
STU0614,62.8,8.74,9,5.7,0,0,1,0
STU0445,76.2,9,13,3.4,1,0,4,1
STU0378,92.2,6.59,5,12.1,0,0,1,1
STU1257,64.8,8.76,3,2.5,0,0,0,0
STU0617,,5.45,30,4.7,0,1,0,1
STU0195,67.3,5.84,5,7.3,1,0,0,1
STU0072,83,6.43,8,9.2,1,0,2,1
STU1778,76.7,5.55,24,9.1,0,1,2,0
STU0037,,5.73,18,1.7,0,1,2,0
STU0532,66.8,5.8,10,10.7,0,0,1,0
STU0989,74.2,6.44,23,10.8,1,0,1,0
STU0009,83.2,6.08,19,3.5,0,0,0,1
STU0789,86.1,6.72,7,4.2,0,0,0,0
STU0850,83.2,7.53,9,7,0,0,0,0
STU0928,50.9,4.96,15,8.8,1,1,0,0
STU0173,58.1,8.29,24,9.1,0,0,1,0
STU0270,113.8,6.35,0,7.9,0,1,2,0
STU1028,68.4,5.36,16,9.3,0,0,3,1
STU0017,100,5.61,5,4.6,1,0,4,0
STU1401,54.3,7.32,27,11.3,0,0,2,0
STU0632,70.2,6.76,0,10.7,0,1,1,0
STU0443,85.2,5.66,9,7.5,1,0,0,1
STU0886,61,7.74,21,8.2,1,0,0,1
STU1982,67.8,7.17,9,8,1,0,1,0
STU1878,95.1,4.87,25,9,0,0,0,0
STU1241,65.8,6.97,15,2.3,0,0,0,0
STU1230,86.4,5.62,10,5.7,0,0,1,0
STU1254,92.5,6.27,15,9.8,0,1,1,0
STU0613,91.1,5.44,19,9.5,0,0,0,1
STU0437,88.6,7.3,28,5.1,0,0,1,1
STU1863,67.1,5.11,11,6.4,1,0,1,0
STU0798,44.9,7.54,26,9,0,0,0,1
STU0510,68.3,6.87,0,7.6,0,0,0,0
STU0421,,6.98,4,3.5,1,0,1,0
STU0550,100,5.86,12,9,0,0,1,0
STU1647,53.6,6.96,2,7.9,0,1,3,0
STU1851,62.3,6.4,28,0.9,0,0,0,1
STU0338,69.3,6.99,24,6.8,1,0,3,0
STU1540,64.3,6.44,12,10.5,0,0,3,0
STU1238,72,6.69,5,3.8,0,0,0,1
STU0021,59.6,9.02,1,13.8,0,1,3,1
STU1460,86,6.37,7,8.5,0,0,1,0
STU0772,67.1,6.82,17,10.7,Yes,0,0,1
STU0190,65,5.26,8,6.5,No,0,2,0
STU1192,63.5,6.97,30,9.7,1,0,0,0
STU0162,71.4,8.3,4,4.8,0,0,4,0
STU0829,113.8,3.77,16,9.3,0,0,2,1
STU0580,97.5,7.2,12,9.9,1,0,1,0
STU0894,87.7,7.5,16,6.7,1,1,4,1
STU0823,113.8,4.49,25,13.4,1,0,0,1
STU0264,74.5,5.78,16,9.8,0,0,0,1
STU0242,78.8,6.71,15,5.6,0,0,0,0
STU1521,91.9,6.09,3,5.4,0,0,2,0
STU1669,73.1,6.13,8,3.7,1,0,2,1
STU0665,72.9,6.47,3,4.5,0,1,4,0
STU0995,55.4,7.19,21,3.4,1,0,0,0
STU0999,63.1,8.29,14,7.8,0,0,1,0
STU1379,75.7,5.52,23,10.1,0,1,1,0
STU0508,52.1,8.97,14,12.9,0,0,2,1
STU0075,63.6,6.84,2,11.4,0,1,1,0
STU0406,92.2,5.92,9,5.8,0,0,0,1
STU1292,58.2,5.03,5,6.5,0,0,0,0
STU1877,68.4,6.47,21,12,1,0,2,0
STU1865,92,5.87,0,5.9,1,0,2,1
STU0932,89,6.92,19,6.6,1,0,0,0
STU1282,68.9,5.85,10,8.7,0,1,0,1
STU1218,60.1,7.9,15,11.6,0,1,4,0
STU0875,76.4,6.94,3,10.6,0,0,0,0
STU1134,76.6,7.15,2,8.6,1,1,1,1
STU0019,72.3,8.83,14,8.5,0,1,0,0
STU1800,74.6,,13,8.1,1,0,0,1
STU1665,95.6,6.82,9,12,0,1,0,0
STU0783,,6.22,1,6.5,1,0,2,0
STU0209,45.1,7.45,3,7,1,0,0,0
STU1073,55.9,7.35,11,5.9,0,1,4,0
STU0071,76.4,6.84,8,10.6,0,0,0,0
STU1036,53.1,7.56,0,15,1,0,0,0
STU1512,88.5,5.09,7,5.1,0,0,2,1
STU1196,70,5.32,27,6.8,1,0,0,1
STU1818,52.5,9.64,22,10.6,0,0,0,1
STU0076,78,7.17,15,4.6,0,0,1,0
STU0952,,,20,11.9,No,1,0,0
STU0758,64.2,4.88,21,12.5,1,0,1,0
STU0418,54.3,,18,6.5,0,1,3,0
STU0887,87.7,6.56,13,9.1,0,1,0,0
STU0169,78.8,3.15,25,11.1,0,1,1,1
STU1090,78.5,7.06,25,6.9,0,0,2,1
STU1201,71.1,6.71,12,11.6,0,1,0,0
STU0814,53.8,7.74,20,7.8,0,1,2,0
STU1123,94.8,6.94,17,4.9,1,0,2,0
STU0352,80.1,,26,5.4,0,0,3,0
STU1124,64.3,8.92,8,10.7,0,1,3,0
STU1498,85.9,8.21,12,13.5,Yes,1,3,0
STU0967,90.1,5.01,8,7.3,1,1,1,0
STU0803,87.8,4.59,21,8.7,0,0,0,1
STU1680,77.2,9.05,6,8.3,0,0,0,0
STU0740,61,6.57,11,10,1,0,2,1
STU1862,66.6,6.33,7,7.8,0,0,2,1
STU0088,81,5.95,11,8.4,0,1,1,0
STU0131,74.4,6.84,23,7.8,1,0,1,0
STU1640,61,5.78,27,13.2,0,0,0,1
STU1335,76.4,6.85,10,10.8,0,0,1,0
STU1853,113.8,6.86,2,6.3,0,1,2,1
STU0535,81.4,6.6,11,12.1,0,0,0,0
STU0089,75.5,5.67,1,6.8,0,1,1,0
STU1701,81.5,5.31,0,1.2,0,0,0,0
STU1468,50.2,6,19,7.6,1,0,0,1
STU1518,80.1,8.67,21,12.1,0,1,2,0
STU1819,46.7,5.95,11,10.4,0,0,0,1
STU0963,43.8,4.97,22,7.9,1,0,0,1
STU0425,62.7,5.85,9,1.8,0,0,0,1
STU1838,78.6,5.79,14,4.1,1,1,0,1
STU1208,78,6.82,17,8,0,0,4,0
STU1341,57.1,6.72,5,3.3,0,0,1,1
STU1897,71.8,7.92,4,10.1,0,0,2,0
STU1435,57.5,7.08,3,10,0,1,3,0
STU1590,68.3,7.48,17,6,0,0,1,1
STU0513,57.4,5.18,5,8.4,0,0,0,0
STU1073,55.9,7.35,11,5.9,0,1,4,0
STU0895,50.9,7.13,20,3.5,0,1,0,0
STU0760,54.7,5.52,4,2.9,1,0,0,0
STU0714,69.7,8.5,19,13.5,0,1,0,1
STU0307,67.5,5.32,13,7.5,1,0,4,0
STU0692,67.5,7.36,20,7,0,0,0,0
STU1353,76.8,5.22,4,11,0,0,0,1
STU1882,50.4,5.78,27,13.9,0,0,0,1
STU0342,76.3,7.96,6,11.5,0,1,1,0
STU0142,100,6.79,11,4.6,0,0,0,0
STU0069,82.6,,3,12.8,0,0,0,1
STU0229,66.9,6.05,18,11.7,0,1,1,0
STU0870,65.6,6.33,18,12.1,0,0,0,1
STU0526,68.9,5.16,15,5.2,0,0,1,1
STU0065,,,17,6.1,0,0,0,0
STU1456,74.8,5.28,12,10.9,1,0,0,1
STU1347,63.8,6.09,11,4.2,0,0,2,0
STU1283,100,7.2,5,6.9,0,0,0,1
STU1530,83.4,7.53,17,7.2,0,1,2,1
STU1301,63.6,7.54,11,6.7,0,1,1,1
STU0381,42.4,7.15,1,3.7,1,0,0,0
STU0232,72,5.53,20,6.5,1,0,2,1
STU1768,58.2,6.62,6,11.3,0,0,0,0
STU0151,77,5.92,5,11.2,0,1,0,1
STU1232,61.7,5.95,8,7.2,0,1,1,0
STU0696,78.4,7.21,3,7.6,0,1,3,0
STU0001,113.8,5.71,18,0.9,0,0,1,0
STU0015,100,,15,15.3,0,0,2,0
STU1387,,6.96,21,0,0,0,4,0
STU0958,,5.57,15,3.2,0,1,2,0
STU1444,,4.91,4,9.2,0,0,0,0
STU0945,67.5,5.97,9,7.8,0,1,4,0
STU0386,100,6.75,25,14.5,0,1,4,1
STU0912,63,7.78,21,6.6,0,1,1,0
STU1677,59.7,6.95,14,6.3,0,0,2,0
STU1189,57.8,7.57,25,5,0,0,3,0
STU1686,37.1,6.52,12,11.1,0,0,1,1
STU1655,45.9,6.9,4,7.8,1,0,1,1
STU0903,70.2,7.67,13,6.8,0,1,4,1
STU0848,73.2,8.48,5,9.3,0,0,1,0
STU1064,60.4,8.52,26,8.6,0,1,0,0
STU1710,76.5,6.07,14,5.5,0,0,4,0
STU1516,65.1,6.47,13,12,1,0,0,0
STU1907,85.3,12.97,22,8,0,1,1,0
STU0799,56.9,4.96,27,12.6,1,0,0,1
STU0596,80.4,9.04,19,1.6,1,0,0,0
STU0744,61.8,6.79,14,7.3,1,1,0,0
STU0968,78.7,7.5,10,8,1,1,3,1
STU1643,79.9,8.43,23,6.5,1,1,1,0
STU0171,65.2,5.89,0,8.7,0,1,1,0
STU0029,74.7,5.82,13,3.6,1,0,0,1
STU1360,86.8,5.19,7,5.3,1,1,1,0
STU1478,63.2,7.03,28,7.6,0,0,2,0
STU0946,50.9,6.71,12,12.5,0,0,0,1
STU1637,88.9,6.68,21,14,1,0,1,1
STU1356,94.1,7.01,25,5.6,1,0,3,1
STU1333,,6.22,7,8.1,0,1,0,1
STU0801,97,6.23,26,6.5,1,0,1,0
STU0196,76.7,6.42,10,8.9,1,0,0,1
STU0409,24.9,6.64,23,4.6,0,0,1,1
STU1844,70.9,5.74,16,8.4,0,1,0,1
STU1977,72.7,7.29,28,2.7,1,0,0,1
STU0589,36.7,6.82,1,11.7,0,0,0,1
STU0548,93,6.52,1,4.1,1,0,4,0
STU0587,70.6,8.2,10,6.8,0,0,0,0
STU1037,87.9,8.5,4,8.7,0,0,0,0
STU0026,58.5,7.46,0,5.8,0,0,3,1
STU0738,52.5,3.77,28,8.4,1,1,0,1
STU0486,93.4,8.15,8,8.7,0,0,4,0
STU0309,96.6,5.08,8,4.1,0,0,0,1
STU0301,85.4,5.46,17,6,0,0,3,1
STU1535,62.4,,10,9.1,1,1,2,1
STU0929,89.2,4.91,25,9.2,0,0,4,0
STU1325,85.2,8.42,13,14,0,0,2,0
STU1133,76.1,8.04,21,11.9,1,0,4,0
STU0697,71,,12,7.1,1,0,1,0
STU1392,79.4,5.64,2,8.7,1,1,3,1
STU0669,78,4.38,16,5.4,1,0,0,0
STU1747,98,5.52,8,9,0,0,0,0
STU1069,90,5.87,28,11,0,0,0,1
STU1656,82.9,6.57,18,4.9,1,1,4,0
STU0186,85,7.17,25,7.3,0,0,4,1
STU0394,46.3,5.69,13,6.5,0,0,1,1
STU1629,89.7,7.41,15,11.3,1,0,1,0
STU0900,82.9,6.88,11,13,0,0,1,1
STU1692,59.1,6.37,29,3.4,0,0,2,0
STU0610,86.4,7.58,11,5.9,0,0,1,0
STU1510,82.1,5.84,12,6.6,1,0,1,0
STU0128,66.6,7.68,8,5.2,0,0,3,0
STU1221,53,5.61,1,5.9,1,0,1,0
STU1781,54.7,5.47,27,9.1,1,1,0,1
STU0683,66.8,6.95,14,6.5,1,0,0,0
STU0269,,5.92,13,5.3,0,1,0,1
STU0544,64,,14,7.8,0,0,0,1
STU1458,77,5.38,2,7,1,1,3,0
STU0882,73.2,8.52,12,2.8,0,1,2,1
STU1227,100,7.27,23,11.3,1,1,0,0
STU1828,64.9,7.59,25,10.3,0,0,3,0
STU1126,113.8,6.71,16,9.6,0,0,1,1
STU1128,75.4,7.68,10,9.9,0,0,4,1
STU1479,70.6,7.02,29,4.1,1,1,2,0
STU0036,76.3,5.4,26,6.9,0,0,0,1
STU0859,59.9,5.57,30,1.8,1,1,2,0
STU1394,113.8,3.99,18,8.9,0,0,3,0
STU0178,82.9,9.64,23,12.2,1,1,1,0
STU1162,75.5,6.95,9,8.9,1,0,1,0
STU0354,80.2,9.27,10,8.4,1,1,0,0
STU0819,75.3,6.23,28,5.5,1,0,2,0
STU1587,73.8,5.46,22,8.5,0,0,1,0
STU0383,88.8,7.77,1,10.9,1,0,3,1
STU0718,53.8,5.67,0,6.4,0,1,0,1
STU0422,86.9,5.74,14,8.3,0,1,4,0
STU0439,58.7,12.97,14,5,No,0,0,0
STU1569,99.9,6.95,28,11.3,0,0,0,0
STU0108,59.4,6.23,30,7.9,0,0,1,0
STU1796,100,7.29,0,6.7,1,0,0,0
STU1775,76.3,6.43,19,10.7,0,1,1,0
STU0266,62.1,4.91,2,4.8,0,1,0,1
STU1158,66.1,9.16,13,10.8,0,0,2,1
STU1054,78.4,5.52,24,5.6,1,0,2,0
STU1813,100,5.88,10,11,1,0,1,0
STU1531,51.3,7.29,5,9.6,1,1,0,0
STU0695,86.7,6.34,12,13.2,0,0,1,0
STU1792,63.9,4.48,22,7,1,0,1,1
STU1805,39.6,,27,11.7,No,0,0,1
STU1973,70.3,5.06,18,13.8,0,0,2,0
STU0947,62.8,6.51,11,2.9,0,0,0,0
STU0792,,8.13,20,6.9,0,0,0,0
STU0022,75.9,6.79,20,11.1,1,1,2,0
STU0155,77.8,8.43,0,7.6,1,0,4,0
STU0622,97,6.41,7,10.6,0,1,0,1
STU1874,69.4,5.65,22,3.4,0,1,2,0
STU1125,81.6,7.23,1,6,0,0,0,0
STU1152,60.5,6.86,13,3.9,0,1,1,1
STU0441,89.1,5.38,27,9.3,0,0,0,1
STU0643,100,7.89,10,9.2,1,1,4,0
STU0564,61.1,8.32,5,5.1,0,0,1,0
STU0757,94.4,7.67,4,10.8,0,0,2,0
STU0413,48.7,5.12,7,7.7,0,0,2,1
STU1065,81.9,12.97,30,11.6,1,0,2,1
STU1757,79.4,,15,10.1,0,0,2,0
STU1759,56.3,7.35,19,8,0,0,0,0
STU0490,56,5.9,25,10.4,0,1,1,0
STU0788,70.5,7.61,9,11.2,1,0,0,0
STU0991,20,,3,3.7,0,1,1,1
STU1308,42.3,6.83,12,8.2,1,0,2,1
STU1286,93.8,12.97,9,5.3,0,1,0,0
STU0693,67.9,5.33,20,9.7,1,0,0,1
STU1122,70.5,3.83,1,9.5,0,0,1,0
STU0170,93.5,5.54,23,5.1,0,0,2,0
STU1964,70.6,6.31,29,8.4,1,1,0,1
STU1559,65,8.51,22,11.5,1,0,0,0
STU1841,81.3,7.79,21,2.1,No,0,1,0
STU1465,67.8,6.06,6,7,0,0,3,0
STU0097,72.8,7.84,3,6.6,0,0,1,1
STU0969,,5.83,13,12.7,0,0,1,0
STU1724,31.4,7.12,25,3.6,0,1,3,0
STU1995,78,5.98,29,6.9,1,1,2,0
STU0965,100,6.53,27,7.3,0,1,0,0
STU0817,91.9,4.79,11,5.6,1,1,3,1
STU1949,76.6,,26,11.6,0,1,0,0
STU0892,64.4,4.25,23,8.1,1,0,3,1
STU0340,58.6,6.26,9,8.7,0,0,2,0
STU0222,54.7,9.33,7,5.4,0,0,3,0
STU0728,92.5,6.68,30,10.5,0,1,3,1
STU1094,56.4,9.02,8,4.1,1,0,2,1
STU0104,77.3,5.62,27,8.5,0,0,0,1
STU1055,82.3,6.52,18,12.8,0,0,1,0
STU1832,96,7.97,24,11.8,0,0,2,0
STU0492,66.2,5.45,27,9.1,0,0,2,0
STU1757,79.4,,15,10.1,0,0,2,0
STU1576,77,7.15,4,9.2,0,0,3,0
STU0631,79.7,7.04,23,9.6,0,0,4,1
STU1983,100,5.84,17,8.4,1,0,0,1
STU1491,100,6.2,30,5.8,1,0,0,1
STU0884,83.1,6.59,8,9.2,0,0,0,0
STU1199,82.8,5.77,1,6.6,0,0,0,1
STU1883,60.1,5.37,22,9,1,0,2,0
STU0868,66.1,4.9,5,7.4,1,0,4,1
STU0271,75.5,3,27,5.6,0,1,2,0
STU1447,63.9,,6,4.5,0,0,0,1
STU1030,67,7.11,25,4.6,1,0,3,0
STU0616,42.4,4.16,27,7.3,0,1,1,1
STU1047,,4.51,14,6.3,0,1,4,1
STU0558,95.1,6.01,22,6.2,1,0,1,0
STU0199,72.7,4.6,29,12.2,0,0,1,1
STU0579,91,7.65,20,9.9,1,0,2,1
STU1034,86.2,7.92,4,9.1,0,1,0,1
STU0543,84.5,5.71,10,2.7,1,0,4,0
STU1492,83.8,7.65,24,10.3,0,1,0,0
STU0311,95.1,7.09,22,6.8,0,0,0,0
STU0465,70.9,6.91,17,8.3,0,1,2,0
STU0723,66.6,7.16,25,9.6,0,0,3,0
STU0755,78,5.85,24,9.4,1,1,1,1
STU1336,62.1,6.11,10,8,0,0,1,0
STU0077,54.6,7.19,3,3.9,1,1,0,0
STU0802,67.8,5.45,20,2.9,0,0,3,1
STU1442,76.7,8.07,21,10.7,1,0,2,0
STU0133,78.8,6.67,24,13.3,0,1,4,0
STU0400,59.5,8.78,21,14.2,1,1,2,0
STU0474,52,4.82,21,10.9,0,0,1,1
STU0359,100,6.37,22,6.2,1,1,0,0
STU0289,85.4,7.57,25,4.9,1,0,0,1
STU0185,64.5,,26,11.9,0,0,2,0
STU1676,84.3,,27,8,1,0,1,1
STU0405,70.3,6.73,12,6.9,Yes,1,0,1
STU0254,68.8,4.96,27,4.6,1,0,3,0
STU0898,71.3,6.28,11,9.2,1,0,3,0
STU0337,113.8,4.49,30,9.7,0,0,0,1
STU1068,67.4,6.08,26,8.3,0,1,1,0
STU1019,63.5,7.51,21,5.4,0,0,4,0
STU0712,57.2,7.55,17,7.9,No,0,0,0
STU1994,70.7,8.17,5,3.9,0,0,4,0
STU0584,67.3,,26,5.8,1,1,0,1
STU0085,87.8,7.19,11,8.4,0,1,0,0
STU1171,73.5,12.97,10,6.3,0,0,1,1
STU0145,75.7,7.67,27,6.1,1,0,2,0
STU0298,63,8.59,23,7.5,0,0,1,0
STU0659,93.5,5.15,12,7,1,0,0,1
STU0401,71.5,6.2,11,7.5,No,0,1,1
STU0702,,6.29,5,5.7,0,0,2,0
STU0050,85.5,6.36,8,10.1,1,0,0,0
STU1899,73.6,6.15,20,10.8,1,0,1,0
STU0181,63,7.29,27,10.6,0,0,4,0
STU1558,70.1,5.4,8,7.5,1,1,2,0
STU1823,62.9,7.56,6,5.3,0,0,2,0
STU1997,57.4,7.97,6,9.3,0,1,1,0
STU0041,75.9,6.04,14,9.3,0,0,1,0
STU1784,55.6,4.15,22,7.2,0,1,3,1
STU1166,67.9,3.97,6,12.7,0,1,1,1
STU1093,62.1,5.51,4,9.1,0,0,0,0
STU1616,,8.18,6,7.8,1,1,0,0
STU1520,81.4,5.98,12,8.9,0,0,3,0
STU0111,70.9,6.58,19,9.8,0,1,1,0
STU0482,92.1,5.95,6,4,0,1,2,1
STU0976,67.5,6.8,22,3.9,0,0,1,1
STU1864,70.5,8.27,7,14.6,0,1,0,0
STU0446,70.2,5.71,1,9.8,0,1,1,0
STU1889,75.9,6.45,30,7.1,0,1,0,0
STU1160,77.9,6.96,16,11.6,0,1,0,0
STU1758,84.1,7.15,30,3.5,0,0,3,1
STU1928,66.1,6.68,21,12.8,0,0,2,0
STU1693,69.1,6.43,8,8.9,1,0,0,1
STU0933,57.4,6.75,19,9.7,0,0,1,0
STU0435,64.8,4.55,3,4.5,0,0,4,1
STU0321,91.7,7.66,10,4.9,0,0,2,0
STU0472,57.3,6.19,6,8.7,1,0,0,1
STU1661,70.8,6.07,22,2.5,1,1,0,1
STU0071,76.4,6.84,8,10.6,0,0,0,0
STU0791,55.5,6.85,7,9.9,1,0,0,0
STU0067,71.9,7.28,6,10.4,0,0,0,0
STU0853,,7.7,15,6.8,0,0,4,0
STU0244,41.3,8.31,10,9.8,0,0,0,1
STU1496,61.1,6.17,29,3.9,1,0,4,0
STU0451,79,6.15,2,6.5,1,0,2,0
STU0533,85.9,7,2,10,0,0,3,0
STU0872,65.9,5.33,30,5.3,0,0,1,0
STU1618,,7.12,6,13,1,0,0,1
STU1236,83.5,6.33,24,2.4,0,0,3,0
STU0156,62.2,7.85,13,8.2,0,0,2,0
STU1988,92.4,6.1,11,8.2,0,1,0,1
STU1810,70.6,7.96,19,5.8,0,0,0,1
STU0273,74.4,,13,4.1,1,0,3,0
STU1258,64.2,5.35,17,9.2,0,1,2,0
STU1173,90.3,4.8,22,11.4,1,0,3,1
STU1808,,7.93,17,9.3,1,0,1,0
STU0016,78.6,6.91,25,9.4,1,0,0,0
STU0063,51,9.31,12,7.9,0,0,0,0
STU0505,75.6,5.78,19,10.6,1,1,1,0
STU1026,71.7,9.08,13,3.9,0,1,0,1
STU0963,43.8,4.97,22,7.9,1,0,0,1
STU1675,82.8,8.29,2,4.6,1,0,0,1
STU0429,50.1,7.08,25,2,No,1,3,0
STU1229,80.5,6.89,0,7.3,0,0,2,0
STU0466,113.8,7.57,11,14.2,1,0,1,0
STU0060,87,8.67,10,2.1,1,0,0,0
STU0191,75.1,6.87,16,6.8,1,0,0,0
STU0878,59.5,6.46,29,6.1,1,0,1,0
STU0804,85.3,5.06,29,5.2,0,0,2,0
STU1898,,5.49,12,3.7,0,1,3,0
STU0302,86.9,5.89,6,7.1,0,1,0,1
STU0204,89.7,8.06,16,8.3,Yes,0,2,0
STU0563,78.3,5.62,26,9.7,1,0,1,1
STU1014,53.7,5.47,18,12,0,0,0,1
STU0566,83.1,7.44,30,11.6,0,1,0,1
STU0013,85.9,4.68,25,6.3,0,0,0,1
STU1298,85.1,8.08,24,7.7,0,0,2,0
STU1722,57.1,5.81,20,8.1,0,1,1,0
STU1699,66.2,6.5,27,7,0,0,0,1
STU0786,65.1,7.18,5,9.7,0,0,1,0
STU0183,59.7,5.25,17,5.3,0,0,3,0
STU1737,,6.31,13,6.2,0,0,0,1
STU1063,66.4,4.67,15,5.1,0,0,0,0
STU1115,62.8,5.81,8,8.7,1,1,1,0
STU1601,44.2,7.38,7,4.7,0,1,0,0
STU0739,68.8,5.63,4,2.9,0,1,1,0
STU1794,77.8,6.8,9,8.9,0,0,2,0
STU1469,92.5,,7,9.4,0,1,0,0
STU1919,65.5,5.01,23,8,Yes,0,0,1
STU0434,74.5,3.92,0,6,0,1,2,1
STU1967,51.2,6.17,8,7.4,1,1,1,1
STU0091,90.1,5.68,25,3.9,0,1,0,0
STU1981,48.8,,0,11.6,0,1,2,1
STU0387,73.4,6.34,1,6.1,0,0,0,0
STU1500,65,6.44,21,6.7,0,1,1,1
STU1817,78.8,6.48,20,10.8,0,0,0,1
STU1506,59,,24,9.2,0,0,1,0
STU0762,76.5,8.45,22,6.8,1,0,2,0
STU0883,60,6.14,6,6.9,0,1,4,0
STU0689,79.1,8.33,3,8.8,0,0,2,1
STU0888,71.4,6.68,13,8.8,0,0,2,1
STU0048,86.5,8.36,9,10.9,1,0,0,0
STU1319,63.3,6.8,23,7.6,0,0,1,0
STU1793,42.2,5.75,17,3.4,0,1,0,0
STU1441,78.2,6.87,0,10,0,0,0,0
STU1739,72.3,6.17,7,9.9,0,0,1,0
STU0605,75.3,6.6,6,8,0,1,4,0
STU0259,61,5.12,21,1.5,0,0,1,0
STU0549,74.8,5.78,20,10,1,1,1,0
STU0412,83.8,6.41,18,14,1,1,2,1
STU1942,71.3,4,0,9.3,0,0,3,1
STU1278,73.6,6.4,24,3.4,0,0,0,1
STU1658,82.9,7.49,11,9.4,Yes,1,3,0
STU0478,44.3,4.35,30,6.3,0,0,2,1
STU1474,66.3,5.69,16,7.2,0,1,0,0
STU0562,52.1,9.18,23,10.3,0,0,3,0
STU0357,54.7,7.67,22,12.6,0,0,2,0
STU1478,63.2,7.03,28,7.6,0,0,2,0
STU0656,65.2,8.02,5,8.6,1,1,1,0
STU1337,62.4,7.41,6,5.9,0,0,0,0
STU0628,73.5,4.78,30,10.5,0,1,1,1
STU1176,52.3,6.97,4,9.5,0,0,1,0
STU1299,,5.51,19,12.1,0,0,1,0
STU0577,87.2,6.27,0,5.4,1,0,0,0
STU0116,79.1,7.51,23,0,0,0,0,0
STU1999,100,6.83,25,5.1,0,0,1,0
STU0062,61.9,5.3,8,6.3,No,0,0,1
STU1588,54.9,5.38,10,12.8,0,1,0,1
STU1428,98,7.45,24,6.7,0,1,0,0
STU0007,72,6.15,29,14,1,0,0,1
STU0787,93,8.23,29,6.4,1,0,2,0
STU0494,89,6.42,13,12.1,1,0,0,1
STU1137,,12.97,10,7.1,0,1,0,1
STU0726,58.3,7.17,11,7.8,1,0,1,0
STU1211,65.7,8.03,20,8.9,0,0,1,0
STU1253,76.1,6.48,0,7.7,1,1,4,0
STU1217,66.9,6.53,17,9.4,0,1,0,0
STU1608,91.9,6.6,28,5.1,1,0,1,0
STU0008,99.5,5.76,24,9.7,0,0,0,1
STU1012,66.7,9.4,30,11.2,0,0,0,0
STU0857,86.6,7.24,0,3.5,0,0,1,1
STU0294,58.9,7.44,20,5.6,0,0,1,0
STU0618,80.4,7.48,18,7.6,0,1,4,0
STU0287,83.4,5.79,29,12.1,0,0,2,0
STU0557,53.9,6.12,28,7.8,1,0,0,1
STU1940,80.4,7.28,9,8.7,0,1,0,0
STU0694,62.3,4.21,18,6.9,0,0,0,1
STU1631,63.4,8.91,8,12.5,1,0,0,1
STU0679,82.6,6.78,15,6.4,1,1,0,0
STU1234,74,8.65,21,12,0,0,0,0
STU0515,100,5.2,20,2,1,0,4,0
STU1602,73.5,,7,4.8,0,0,3,0
STU0588,82.6,7.91,14,8.6,0,0,0,0
STU1476,,10,8,12.5,0,0,0,1
STU1218,60.1,7.9,15,11.6,0,1,4,0
STU0148,65.3,5.78,22,6.1,0,1,3,0
STU1297,90.2,6.19,29,6.5,0,0,2,0
STU1294,84.1,5.8,7,8.3,0,0,2,0
STU1117,46,6.33,0,8.1,0,0,4,1
STU1557,68.4,6.95,4,11.9,0,0,4,0
STU0351,100,6.43,16,9.1,0,1,1,1
STU1041,56.6,7.07,3,2.8,0,0,0,1
STU0927,55.8,6.39,3,12.4,0,0,3,0
STU0777,80.6,7.99,19,11.7,0,1,4,0
STU0408,63.5,4.63,7,5.1,Yes,0,1,1
STU1904,80.3,5.86,13,8.4,1,1,1,0
STU0700,76.6,5.53,28,9.9,0,1,2,0
STU0725,62.1,8.39,4,10.5,0,1,0,0
STU1268,62,5.77,6,4.4,0,0,3,1
STU0392,64.3,6.9,8,9,0,1,0,0
STU1313,94.6,5.6,10,6.8,1,1,0,1
STU0417,52.6,6.9,4,4.8,0,0,0,0
STU1188,61,7.09,1,4.3,No,0,2,0
STU0909,58.2,5.82,29,4.4,0,1,1,1
STU0243,87.2,6.32,18,3.5,1,0,0,1
STU1761,90.9,6.91,6,5.6,0,1,2,0
STU0052,62,5.6,25,2.7,1,0,2,1
STU0411,65.8,8.6,0,12.2,0,1,2,1
STU0332,65.2,6.89,10,11.6,0,0,3,0
STU1979,65.9,6.58,26,5.7,0,0,1,1
STU1577,80.9,5.66,28,4.3,1,0,2,0
STU1110,31.2,7,21,4.6,0,1,1,1
STU0460,94.9,7.71,20,7.2,0,1,1,0
STU0299,81.3,8.55,9,11.1,0,0,0,1
STU1751,88.1,8.13,3,11.2,1,1,0,0
STU1766,,8.41,23,6.2,0,1,1,0
STU0144,81.9,5.55,7,13.1,0,0,2,1
STU0455,83.9,6.77,15,2.7,0,0,2,1
STU1147,49.4,7.81,3,13.1,0,0,1,1
STU0986,87.7,7.73,1,6.5,0,1,0,0
STU1526,46.8,6.79,30,10.9,0,0,1,0
STU0514,69.4,6.9,26,8,0,0,3,0
STU0364,68,7,14,11.2,1,0,3,0
STU1760,78.6,12.97,14,10.2,0,0,0,0
STU1088,75.6,7.86,11,13.3,0,0,3,0
STU1382,66.8,7.9,27,11.6,0,0,3,0
STU1868,82.3,6.56,3,10.1,0,0,1,1
STU0495,,3.27,25,5,0,0,1,0
STU0558,95.1,6.01,22,6.2,1,0,1,0
STU1013,87.4,8.2,2,5,1,0,0,0
STU1556,69.9,6.41,14,8.3,0,0,0,1
STU1798,88.1,7.11,21,10.4,0,0,0,0
STU1153,82.3,6.49,22,6.7,0,0,2,1
STU0407,100,7.97,20,0.8,0,0,2,0
STU1644,80,5.56,25,15.3,0,0,1,1
STU0341,81,7.82,21,6.5,0,0,0,0
STU0207,71.7,6.5,25,6.7,0,0,1,0
STU1399,52.3,,0,9,No,0,0,0
STU1986,66,7.31,3,5.5,No,1,0,0
STU0002,97.1,5.76,14,7.6,0,0,3,0
STU0524,75.5,6.34,24,5.3,1,1,0,1
STU1237,79.4,5.44,30,5.1,1,1,2,0
STU1906,71.1,7.38,0,14.3,1,1,0,0
STU1195,58.2,6.92,6,7,0,0,0,0
STU1575,53.7,5.7,5,5.5,0,1,0,1
STU0715,69.8,7.22,12,5,0,0,0,0
STU0467,100,6.9,26,0,1,0,0,0
STU1696,83.4,6.66,28,7,0,1,3,1
STU1887,45.1,6.74,25,3.4,1,1,4,0
STU0954,74,6.74,3,8.8,0,0,0,0
STU0335,60.1,7.03,23,7.5,1,1,0,1
STU0731,96,,5,7.5,0,0,0,1
STU0317,82.9,8.47,29,8.1,0,0,0,0
STU0574,88.9,6.52,17,8.6,1,1,1,0
STU1470,63.2,7.38,13,13,1,0,0,0
STU1016,68.4,7.12,27,8.8,0,1,1,1
STU1649,85.1,,6,9.3,0,0,1,0
STU1103,80.4,6.67,1,7.8,0,0,1,1
STU1027,55.4,8.86,2,8.1,1,0,0,0
STU1801,77,8.81,15,4.1,1,0,4,1
STU1483,75.2,6.68,14,11.7,1,0,0,0
STU1780,73.1,5.71,4,11,0,0,1,1
STU0215,,7.75,28,2.7,1,0,2,1
STU1175,87.6,6.47,18,8.5,0,1,2,0
STU1049,69.1,4.66,27,1,0,0,2,1
STU1493,100,,4,9.3,0,0,0,0
STU1996,86.2,7.04,2,1.9,0,0,1,0
STU1711,64.6,9.41,29,6.8,1,0,3,1
STU0299,81.3,8.55,9,11.1,0,0,0,1
STU0590,79.9,7.34,3,2.8,1,1,3,0
STU0830,77.9,6.82,7,10.7,0,0,3,0
STU0910,78.6,7.01,12,7.5,0,0,0,0
STU1467,79.3,6.75,23,10.7,1,1,0,0
STU0059,92.2,6.83,27,9,0,0,2,0
STU0257,89.6,6.1,8,4.7,0,1,1,0
STU1617,75.1,7.98,4,12.5,0,1,3,0
STU0879,95.1,5.1,2,8.3,0,1,1,0
STU0285,71,7.38,22,11.3,0,1,0,1
STU1743,55.1,9.74,0,3.8,1,0,1,0
STU0842,47.8,5.07,0,9.1,0,0,4,1
STU0294,58.9,7.44,20,5.6,0,0,1,0
STU0034,49.9,7.94,4,8.2,0,0,1,1
STU0748,76.4,7.28,4,2.5,1,0,1,0
STU1503,68.3,5.44,13,6.5,0,0,3,0
STU1071,85.8,7.82,3,4.1,0,0,1,0
STU1377,56.3,6.55,4,6.8,0,1,0,0
STU1628,67.7,9.14,21,8.2,0,0,4,0
STU0238,,7.06,12,6.6,0,1,1,0
STU0150,72.2,4.5,2,3.6,0,1,0,1
STU0977,65.1,7.27,7,4.2,1,0,1,0
STU1388,53,5.9,8,8.9,0,0,2,1
STU1089,51.5,6.74,2,7.2,0,0,2,1
STU1929,61.5,6.87,16,12.3,1,1,2,0
STU1875,53.7,7.84,12,7,0,0,1,0
STU0336,63.7,7.31,25,13.2,0,0,0,0
STU1008,77.9,5.83,12,6.6,0,1,0,0
STU0503,50.6,9.09,13,6.1,No,1,1,0
STU1262,38.7,5.79,26,4.2,1,0,0,0
STU0597,61.5,6.55,7,12.4,0,0,0,0
STU0040,100,8.9,23,7.9,1,1,4,0
STU0194,78,7.92,9,9.2,0,1,1,1
STU1210,64.5,8.13,0,4.2,0,0,0,0
STU1145,58.6,5.48,28,3.5,1,1,3,0
STU1010,63,7.43,14,6,0,1,0,0
STU0905,86.7,6.5,19,8.6,1,0,2,0
STU0839,70.1,4.96,4,7.1,1,0,0,1
STU1362,75.6,7.84,23,11.2,1,0,0,0
STU1417,69.2,9.41,17,12.3,1,1,1,0
STU0901,68,8.39,3,8.5,1,0,0,0
STU1509,78.9,7.9,24,8.4,1,0,0,1
STU0070,92.3,8.42,20,12.3,0,1,3,0
STU1419,84.4,5.91,23,5.5,0,1,4,1
STU0239,54.3,7.36,5,13.3,0,1,0,0
STU1836,61.8,7.62,13,11.1,0,0,1,0
STU1583,75.4,5.02,7,12.4,0,0,2,0
STU0743,65.5,8.09,29,8.9,1,0,2,0
STU0189,87.6,7.72,2,13.2,0,0,1,0
STU0843,60,8.09,22,8.7,1,1,1,0
STU1302,91.1,7.51,29,5.9,0,0,1,0
STU1004,68.9,6.12,7,5.9,0,0,1,0
STU0147,58,5.6,11,10.1,0,0,1,0
STU1178,64,9.07,0,7.5,0,0,1,0
STU1689,69.4,5.45,2,7.8,0,0,3,0
STU1744,86.2,7.32,18,4.5,0,0,1,0
STU0214,81.5,8.92,24,16.4,0,0,0,0
STU1634,50.2,7.52,28,9.9,0,1,1,0
STU0057,71.1,7.79,12,4.8,No,0,4,1
STU0906,51.8,9.02,17,11.6,0,0,1,0
STU0650,67.9,4.45,25,7.1,1,0,0,1
STU0237,60,6.2,0,13.2,1,0,1,1
STU0951,88.9,7.61,19,8.6,1,1,2,0
STU1807,72.8,6.95,16,9.7,0,0,1,1
STU1660,70.9,6.38,29,5.5,1,0,4,0
STU0156,62.2,7.85,13,8.2,0,0,2,0
STU0410,72.9,4.85,1,8.2,1,1,1,1
STU0981,59.8,5.4,0,3.6,0,0,0,0
STU1323,26.7,8.69,4,10.4,0,1,2,0
STU1504,55,6.65,30,4.8,1,0,1,0
STU1138,78,7.6,7,7.7,1,1,0,0
STU1052,57.6,7.1,9,10.1,1,0,3,0
STU0649,100,,30,7.7,1,0,0,0
STU1537,67.3,8.64,20,6.1,0,1,1,0
STU1700,76.2,,21,11.1,1,0,4,0
STU1966,88.6,8.51,4,7.6,0,0,1,0
STU1652,68.1,6.08,3,11.7,0,0,0,1
STU1267,76.3,7.23,10,11.6,No,1,2,1
STU0152,86.5,7.66,22,13.5,0,0,0,1
STU0146,91.3,6.49,11,8.8,1,0,1,0
STU1389,76.3,6.6,25,9.9,0,0,0,0
STU1193,86.4,7.75,30,7.5,1,1,0,0
STU0865,68.7,6.76,0,8.5,0,1,1,1
STU1790,70.7,6.71,4,8.2,1,1,0,0
STU1219,57.2,,3,6.4,0,0,0,0
STU1343,66.4,7.14,29,6.3,0,0,4,0
STU0808,69.2,7.93,30,3.4,0,1,1,1
STU0653,64.5,7.15,12,8.5,0,0,0,0
STU0163,88.1,8.06,14,10.6,0,0,1,0
STU0765,54.7,8.34,0,11.6,0,0,0,0
STU0776,73,7.49,6,5.6,0,0,0,1
STU1033,65.3,6.48,18,12.8,1,1,0,0
STU1475,70.9,4.81,3,10.6,Yes,0,1,0
STU0863,60.1,8.9,22,11.1,1,0,0,0
STU0005,59.4,4.27,10,3.7,1,1,2,1
STU0331,73.7,5.85,21,5.2,0,0,3,0
STU1804,55.7,5.14,19,8,1,0,0,1
STU0754,89.3,6.68,13,8.1,0,0,2,0
STU1316,70.9,6.58,11,5.2,0,0,0,1
STU1951,92.4,5.16,15,12.5,0,0,0,1
STU0689,79.1,8.33,3,8.8,0,0,2,1
STU0699,55.2,9.25,26,9.6,1,0,2,1
STU0107,59.4,7.62,4,6.7,0,0,1,0
STU0825,57,8.04,24,6,0,0,1,0
STU0506,83.5,6.57,9,10.5,0,0,1,1
STU1971,68,7.84,12,7.6,1,1,1,0
STU1750,76.9,8.02,16,6.6,1,0,0,0
STU1397,81.4,7.77,0,7.7,0,1,0,1
STU0320,100,5.11,28,4.1,1,0,2,0
STU1672,95.5,7.57,29,10.1,1,1,3,1
STU0286,67,8.62,27,1.6,0,0,4,1
STU0648,94.8,6.96,15,10.7,0,0,0,0
STU1366,76,4.99,1,5.9,0,0,2,1
STU1454,99.1,8.39,6,5.1,0,0,1,0
STU1879,60.3,6.5,13,8.9,1,1,0,0
STU1324,100,8.28,16,12.7,1,0,3,0
STU1945,69.8,5.64,29,8.1,1,0,1,0
STU1309,,5.95,13,6.7,1,0,0,1
STU1709,64.5,6.89,22,15.3,1,0,4,0
STU1048,,9.23,23,13.5,0,0,0,0
STU1529,69,6.61,20,10.6,0,1,0,1
STU0594,78.5,7.01,10,6.1,0,1,1,0
STU0103,43,6.62,5,0.9,0,1,0,0
STU0598,47.5,9.12,4,8.4,0,0,0,1
STU0371,77,7.48,15,7.4,0,0,1,0
STU1432,74.5,6.08,16,9.8,0,0,4,1
STU0529,73.9,5.05,26,12.9,0,0,0,0
STU1515,64.8,6.84,26,8.3,1,0,0,0
STU1078,86.2,7.41,23,6.4,0,1,3,0
STU1121,49.6,6.6,5,8.8,0,0,0,0
STU1346,68.5,5.97,11,5.9,1,0,1,0
STU1825,69.6,5.37,16,8.6,0,1,0,1
STU0368,55.1,7.27,12,4.5,0,0,1,0
STU1231,56.9,6.9,20,4.7,0,0,1,1
STU0462,74.1,6.86,22,4,0,1,1,0
STU0686,62.1,7.05,13,8.4,1,0,0,0
STU0519,100,7.95,22,7.8,0,0,4,0
STU1728,67.7,3.77,8,7.1,0,0,1,0
STU0873,98,7.26,28,8.3,1,0,1,0
STU0836,86.1,7.8,22,9.1,0,0,1,0
STU1222,59.3,6.48,4,5.9,1,0,0,1
STU1568,78.3,7.51,27,11.8,0,0,0,0
STU1713,83.9,6.11,28,6.1,0,0,1,1
STU0575,64.6,5.58,8,2.8,1,0,0,0
STU0374,79,8.37,27,11.5,1,0,0,0
STU1423,67.5,7.34,23,12.4,0,1,2,1
STU0773,96.2,7.68,23,7.8,1,0,0,0
STU1181,65.2,4.4,26,6,0,0,1,1
STU0276,84.7,8.12,16,9.5,0,1,0,0
STU1197,99.2,7.49,13,0.5,0,1,4,0
STU1109,67.8,6.65,24,9.4,0,0,0,0
STU1099,70.3,8.72,26,10,1,0,2,0
STU1001,86,,28,14.9,0,0,3,1
STU0822,60.5,5.68,4,10,1,0,0,1
STU0444,76.2,6.47,5,9.8,0,0,0,1
STU1359,93.3,4.46,6,10,0,0,2,1
STU0778,100,7.09,23,8.8,0,0,1,0
STU0942,85.4,5.33,19,6,1,1,1,0
STU1641,68.8,5.6,5,6.9,1,1,1,1
STU0635,50.4,7.57,6,13.2,0,0,0,1
STU0652,66.4,6.01,29,11.8,0,0,2,0
STU1578,77.9,6.04,19,3.3,0,0,4,1
STU1574,67.7,8.38,11,0,1,1,0,0
STU0992,68.8,6.44,27,12.8,1,0,0,0
STU0921,67.2,5.84,4,9.7,0,1,3,0
STU1826,87.4,6.54,27,8.8,0,0,2,0
STU1517,92.8,7.1,22,4,1,0,1,0
STU0350,73,6.02,23,7,0,0,0,0
STU1009,69.4,4.96,18,2.9,0,0,1,1
STU1564,90.1,5.82,13,8.5,1,1,0,1
STU0281,,6.91,7,6.7,1,1,4,1
STU1950,65.2,4.65,19,12.2,1,0,2,1
STU1035,55.2,6.75,20,10.9,1,0,0,1
STU1427,54.3,8.67,25,10.7,1,1,4,0
STU0099,82.1,4.74,6,16.1,No,1,4,1
STU0193,79,7.53,8,9.7,0,0,4,0
STU0970,86.9,5.19,15,4.8,1,1,0,1
STU0440,,6.52,15,8,1,0,1,0
STU0414,100,6.56,21,7.5,0,0,2,0
STU1163,70.6,6.81,7,6.2,1,0,0,1
STU1725,57.5,5.83,6,6,0,0,2,1
STU1436,43.9,7.43,29,6.4,0,0,0,0
STU1884,70.3,6.57,2,12.2,0,0,0,0
STU1586,79.6,,16,2,0,0,3,0
STU1685,90.5,7.32,2,6.3,0,1,2,0
STU0404,87.5,6.45,12,9.3,1,1,0,1
STU0911,84.1,8.28,28,3.4,1,0,3,1
STU1146,74.2,8.19,3,7.4,0,1,2,0
STU0670,71.6,7.38,27,10.3,0,0,4,1
STU1031,90.8,,8,6.9,1,0,0,0
STU0093,84,9.27,16,9.7,0,0,3,0
STU0324,89.5,,5,7.4,1,0,4,1
STU0885,62.6,7.08,2,10.3,0,1,3,0
STU0572,79.2,6.28,27,8.7,No,0,0,1
STU1956,62.5,6.96,3,7,0,1,0,0
STU1466,84.7,4.5,10,13.3,0,0,0,1
STU1354,64,6.62,13,4,1,0,0,0
STU0212,58.1,6.26,8,8.9,1,0,0,1
STU1857,83.1,,3,8.9,0,0,0,0
STU1106,73.9,7.33,0,9.3,1,1,0,1
STU0531,77.9,6.66,10,12.7,0,0,1,1
STU0361,52.2,6.51,6,11.9,0,0,0,1
STU1788,82.6,7.08,12,8.2,0,1,0,0
STU1582,85.7,7.02,12,11.9,1,1,2,0
STU0949,68.7,6.45,14,9.5,0,0,0,0
STU1881,76.4,6.02,7,6.1,1,0,1,1
STU1975,57.6,,26,10.1,1,1,3,0
STU1269,74.7,4.58,9,9.4,1,0,3,0
STU1390,56.6,7.53,23,9.4,0,1,3,0
STU1894,45.3,6.52,4,7.6,1,0,1,1
STU0353,53.9,5.74,18,0,1,1,1,1
STU1243,63.6,5.66,10,11.4,0,1,3,1
STU0769,,6.39,5,10.3,0,0,2,0
STU1457,,6.66,2,10.7,0,1,0,1
STU1561,72.2,7.2,28,6.9,0,0,2,1
STU1502,39.4,5.61,25,6.4,1,1,0,0
STU1315,59.6,6.33,3,13,1,0,0,1
STU1039,81.8,7.15,9,11.9,0,1,2,1
STU0500,77.7,6.58,18,11.1,1,1,0,0
STU0609,87.3,7.05,20,7,0,1,1,1
STU1248,74.8,6.88,29,0,1,0,0,0
STU1783,88.1,7.78,27,7.1,1,0,2,0
STU1290,85.7,6.88,24,6.2,0,0,2,0
STU0018,60.7,6.84,15,2.8,0,0,0,0
STU1729,81.6,7.66,18,8.2,0,1,0,1
STU0630,92.7,9.24,24,8.4,1,1,0,0
STU1499,45.4,5.32,4,5.6,1,0,0,1
STU1059,94.7,6.15,12,13,1,0,0,1
STU1471,86.9,6.7,20,10,0,0,3,0
STU1787,62.1,7,15,6.8,0,1,2,0
STU1785,89.7,5.45,17,10.1,0,0,0,1
STU0251,77.1,9.1,18,3.4,0,0,2,0
STU0086,46.1,6.48,24,7.9,0,0,1,1
STU1839,,7.7,19,13.5,0,0,4,0
STU0450,97,7.12,24,6.3,0,1,0,0
STU1003,74.4,12.97,13,1.8,1,0,0,0
STU0219,56.2,5.54,3,5.3,0,0,1,0
STU1413,70.3,7.32,12,8.5,1,0,4,0
STU1216,75,7.73,27,4.8,No,0,2,1
STU1118,59.2,6.25,27,3.8,0,0,1,0
STU0555,78.9,,16,11,0,0,3,0
STU0939,65.2,7.29,6,11,0,0,3,0
STU0044,55.9,5.86,0,10.6,0,0,1,0
STU0682,67.7,7.32,27,5.8,Yes,0,2,0
STU1829,69.9,7.53,24,8.7,0,0,4,0
STU1858,69.1,7.45,11,5.1,1,1,0,0
STU1596,88.2,6.07,11,5.2,1,0,0,1
STU1635,47.1,8.66,11,9.5,0,0,0,1
STU1020,66.2,7.47,8,14.2,1,0,0,0
STU1589,88,6.8,12,8.6,0,0,0,0
STU1791,100,7.25,25,1.9,1,1,1,1
STU0263,56.4,7.78,27,9.2,1,0,1,0
STU0867,64,7.57,9,10.1,0,0,0,0
STU0221,62.9,6.76,9,4.5,0,1,2,1
STU0203,66.4,7.64,9,2.4,1,0,1,1
STU0752,67,4.71,1,5.9,0,0,0,0
STU0398,71.6,8.77,20,10.7,0,0,4,1
STU1494,57.3,,17,7,0,1,1,0
STU1320,70.2,7.29,4,5.3,0,0,0,1
STU1519,83,8.51,19,8.2,1,0,1,1
STU1941,64.7,6.77,18,5.9,0,0,0,1
STU1534,68.8,6.61,5,5.9,1,0,3,0
STU0326,81,8.05,3,4.9,1,1,0,0
STU0629,85.1,7.19,24,4.6,1,1,0,0
STU1206,69.1,8.33,8,8.7,1,0,0,0
STU1280,54.1,6.25,11,7.9,0,0,3,0
STU0747,83.6,6.79,16,8.7,0,0,0,0
STU1581,,8.13,19,8.8,1,1,3,0
STU0376,81,5.71,11,8.4,1,1,3,0
STU1329,95.7,7.9,24,11.2,1,0,2,0
STU1843,54.1,3.88,2,6.9,0,0,0,1
STU1136,89.9,8.62,16,3.5,1,0,2,0
STU1958,74,6.43,13,7.5,0,1,2,0
STU1926,55.3,8.67,19,7.9,1,0,1,1
STU1856,46.7,6.5,6,9.8,0,1,1,1
STU0573,58.1,8.35,4,6.1,0,1,1,0
STU1786,57.7,6.93,21,10.1,1,1,2,1
STU0998,77,7.02,24,5.1,0,0,0,0
STU0899,58.1,5.35,27,11.7,0,0,4,0
STU1712,85.6,6.35,25,8.8,0,0,2,0
STU1213,49.3,6.38,4,12.8,0,1,1,1
STU0864,84.1,,2,12.5,1,0,4,0
STU1789,95.4,7.59,13,5.9,1,1,0,0
STU1044,80.2,5.95,21,5.5,0,0,2,0
STU0985,55.9,7.2,19,6.6,0,0,1,0
STU1654,75.6,6.88,3,10.5,1,0,1,1
STU1688,56.8,7.55,0,12.9,1,1,0,1
STU0327,68.6,5.67,27,6.8,0,1,2,1
STU0157,74.7,5.8,21,2.8,1,1,1,0
STU1939,73.1,7.39,29,13,1,0,1,1
STU1585,89.6,8.16,26,9.3,1,1,3,0
STU1443,56.7,5.5,26,5.9,0,0,3,1
STU1930,76.1,4.87,26,9.5,0,0,0,1
STU0831,61.9,7.2,15,3.3,1,1,0,0
STU1330,70.8,4.71,16,6.6,1,0,3,1
STU1187,66.6,6.95,0,8.3,No,0,3,1
STU1938,97,4.97,30,12.7,0,0,1,1
STU0924,66.3,6.35,17,6.3,1,1,2,0
STU0774,92.7,,6,3.7,0,0,0,1
STU1311,48.4,7.2,22,6.4,0,0,0,1
STU1079,42.3,6.21,15,7.1,0,1,3,1
STU1046,73.9,7.17,0,10.6,0,0,2,0
STU0250,57.3,7.69,8,13,0,0,0,0
STU0436,42.3,6.75,24,10.5,0,0,0,1
STU0615,89.2,7.02,4,8.8,1,0,3,0
STU1223,59.7,8.19,13,11.7,1,1,3,0
STU1976,86.9,7.78,7,7.1,1,1,0,0
STU1985,54.3,7.06,21,2.8,0,0,0,0
STU0312,72,6.94,19,3,0,0,0,0
STU1670,75.2,8.09,25,10.6,0,1,0,0
STU0642,76.8,6.63,15,6.9,1,0,0,0
STU0419,63.9,7.36,20,8.2,0,0,4,0
STU0358,100,,9,5.3,0,1,0,0
STU1406,73.1,6.59,7,5.8,0,0,0,0
STU1109,67.8,6.65,24,9.4,0,0,0,0
STU0517,80.8,8.34,25,3.5,1,1,3,0
STU0677,79.7,5.31,27,6.9,0,0,4,0
STU0766,74.3,5.28,9,4.3,1,1,0,1
STU1954,81.2,6.32,7,7.8,1,1,2,0
STU1250,85.6,6.34,10,10.1,0,0,0,1
STU1816,100,7.1,25,6,1,0,1,0
STU0708,77.9,5.49,6,7.6,0,1,0,0
STU1579,86.6,,25,12.7,1,1,0,0
STU1042,87.7,6.86,21,6.4,0,0,2,0
STU0174,44.9,7.56,21,7.6,1,1,0,1
STU0208,71.8,5.44,6,11.1,0,1,1,0
STU0471,81.3,7.57,1,5.6,No,1,2,0
STU1165,58.8,6.59,17,8.3,1,0,3,0
STU0159,93.5,5.96,11,4.8,1,1,0,1
STU1398,83.7,6.09,24,6.7,0,0,1,1
STU1131,59.5,6.48,6,11.2,1,0,2,0
STU1553,100,7.79,7,5.8,1,1,1,0
STU1554,66.3,7.51,7,9.3,0,0,0,0
STU0284,,8.12,25,6.8,1,0,0,0
STU1140,30.9,8.22,2,9.6,0,0,3,1
STU1514,79.7,6.71,30,6.5,0,0,0,1
STU0427,77.4,8.4,26,5.9,1,0,1,0
STU1687,66.1,6.83,9,9.3,0,0,0,0
STU1909,,7.58,11,4.8,0,0,0,0
STU0113,62.2,6.07,4,6.4,1,1,1,0
STU1132,71.7,6.4,18,9.7,1,1,0,1
STU0869,81.4,8.97,24,4.4,1,0,0,0
STU1993,55.7,8.32,21,0,0,1,0,0
STU0636,82,7.05,8,9.2,1,1,1,1
STU0943,74.8,9.68,13,5.4,0,0,3,1
STU1607,75.3,7.89,4,7.1,1,0,1,0
STU0507,59.6,6.21,1,2,0,1,1,0
STU0166,65.7,12.97,4,4.8,1,1,0,1
STU1593,63.9,7.36,5,11.6,0,1,1,0
STU1314,50.2,7.97,19,8.4,1,0,0,0
STU1606,,6.38,19,10.7,0,0,0,1
STU0375,53.2,8.35,22,7,0,0,4,0
STU1763,83.9,7.42,9,11.7,0,0,4,1
STU1619,40.1,,16,12.4,0,0,0,1
STU0046,79.2,8.54,22,6.6,1,1,2,0
STU0225,53.5,8.33,21,7.7,1,0,0,0
STU1477,68.1,6.81,21,8.9,0,0,4,0
STU0230,78.9,7.1,15,10.4,1,1,4,0
STU0216,94.5,7.73,29,6.5,0,1,0,0
STU0926,59.3,4.87,20,10.3,1,1,0,1
STU0047,65.6,5.24,1,6.7,0,0,1,0
STU0277,47.9,7.27,25,11.2,0,1,2,1
STU1694,62.6,6.9,11,7,0,1,0,1
STU1473,88.6,6.65,15,9.9,0,1,1,0
STU1440,70.9,8.11,0,10.9,0,0,1,0
STU0675,76,6.02,25,10.7,0,1,0,1
STU1872,81.1,8.61,15,7.5,0,1,0,0
STU0741,74.8,8.73,27,4.9,1,0,0,0
STU0502,74.1,7.8,4,10.4,0,0,3,1
STU0627,78.4,4.87,28,4.6,0,1,0,1
STU0499,85.2,8.03,9,13.9,0,0,2,0
STU0561,67.2,6.76,10,13.7,1,1,1,0
STU0141,88.6,4.07,16,7.4,1,0,3,0
STU0938,81.5,6.2,14,2.4,1,0,1,0
STU0705,68.7,7.14,28,7.5,1,0,1,0
STU1896,70,,7,12.1,0,0,0,1
STU1270,70.4,8.16,24,6,1,0,0,0
STU1053,77.9,5.56,30,10,0,0,1,1
STU0806,90,8.25,26,8.8,0,1,4,0
STU1154,71.5,6.85,29,10.7,0,0,0,0
STU1626,60,6.82,2,6.9,0,1,1,0
STU1650,26.5,7.16,28,3,1,0,2,0
STU0923,57.2,7.42,24,14.5,0,0,3,0
STU0356,56.7,7.83,0,10.4,0,0,0,0
STU0056,80.1,6.11,1,7.8,0,1,0,0
STU1852,69,7.91,8,9.7,1,0,0,0
STU1345,63.6,6.5,5,12.9,1,1,4,0
STU1746,61.3,6.49,6,1,0,0,1,0
STU1266,79.5,7.4,14,10.7,0,1,0,0
STU0667,113.8,8.23,23,5.6,0,0,1,0
STU0234,69.3,8.87,4,8.4,0,0,2,0
STU0824,65.5,8.59,30,11.8,1,0,0,0
STU0127,65.8,5.93,16,8.9,0,1,1,1
STU0861,72,5.52,19,4.2,1,1,0,1
STU0953,81.1,4.59,6,11.9,0,0,0,1
STU0955,66.8,7.07,18,6.2,0,0,2,0
STU0914,67.5,7.19,10,6.3,0,1,4,0
STU1803,84.5,7.51,22,11.9,0,0,0,0
STU1668,72.5,6.18,12,6.7,0,0,0,1
STU1429,91.9,,14,8.7,0,0,4,0
STU0390,66.3,6.31,3,11.4,1,0,1,1
STU1622,62.6,6.92,21,5.7,0,0,0,0
STU1833,66.8,6.04,14,5.7,0,1,2,0
STU1754,76.3,6.11,28,4,1,0,0,0
STU1771,79.4,7.72,15,6.6,0,0,2,1
STU0035,78.3,6.24,19,6.9,1,0,1,0
STU0428,89.1,6.17,1,10.3,0,0,1,1
STU1910,92,7.7,13,8.1,0,0,2,0
STU0315,,7.52,19,9.2,0,1,2,0
STU1462,66.1,6.24,21,4.9,0,0,2,0
STU1820,89.6,5.27,4,10.1,0,0,1,0
STU1497,60.2,9.14,27,10.2,0,0,4,0
STU1120,62.7,7.4,24,11.6,1,0,1,0
STU0074,72.8,9.26,10,3.1,1,0,2,0
STU0724,94.4,6.33,4,12.4,0,0,2,0
STU0328,87.2,6.93,18,15.8,1,0,1,1
STU1903,71.9,6.27,9,3.4,0,0,0,0
STU0457,60.7,6.66,23,6.4,0,0,0,0
STU1233,49.7,6.9,11,11.7,0,0,0,1
STU1522,73.5,,21,9.9,1,0,2,0
STU0661,61,7.95,15,11.6,0,0,3,1
STU1224,86.2,7.43,10,8.3,0,0,2,0
STU0396,59.4,7.06,22,6.9,1,1,0,0
STU1831,65.1,5.24,26,11.4,0,0,1,1
STU0083,72.2,6.69,24,4.2,0,0,4,0
STU1834,81.7,7.07,19,7.8,1,0,1,1
STU1348,55.1,5.8,20,9.8,0,0,0,1
STU1239,74.5,,19,4.6,0,0,3,0
STU1753,51.4,8.71,9,8,0,0,1,0
STU0662,54.5,5.36,24,8.7,1,0,0,1
STU0937,50.6,7.4,15,8.4,0,0,2,0
STU0576,56.2,6.41,9,8.6,0,1,0,1
STU1141,,6.56,19,1.8,0,1,0,1
STU1277,,8.97,30,11.6,0,1,2,0
STU1667,97.9,5.01,27,8,1,0,2,0
STU0608,82.4,6.46,13,11.6,0,0,0,1
STU1593,63.9,7.36,5,11.6,0,1,1,0
STU0646,62.4,12.97,4,7.3,0,0,1,1
STU1612,77.5,7.97,15,8.5,0,0,0,0
STU0749,67.5,5.02,11,11.8,0,0,2,0
STU1855,79.8,,29,10.2,1,0,0,1
STU0447,47.7,7.22,24,6.1,0,1,0,0
STU0134,49.8,6.97,9,8.2,0,1,0,1
STU0520,58.6,6.12,1,6.2,1,0,3,0
STU0816,60.5,12.97,3,5,1,0,0,0
STU1716,72.7,7.49,24,3.6,0,0,1,0
STU0452,49.2,7.91,17,6.8,1,1,1,1
STU0957,58.1,7.12,28,8.6,0,0,0,0
STU0283,43.9,9.25,1,5,1,0,4,1
STU0477,68.3,7.68,21,8,0,0,1,0
STU1715,83.8,7.35,18,14.1,0,0,1,0
STU1112,67.9,5.54,23,6.6,1,0,3,0
STU0175,65.2,7.09,19,9.4,0,1,3,0
STU1347,63.8,6.09,11,4.2,0,0,2,0
STU0161,60.4,8.44,5,13.9,1,1,2,0
STU1605,79.2,5.7,12,6.9,0,1,2,0
STU0366,63.8,8.4,3,7.6,0,1,4,1
STU0871,71.5,,19,9.7,1,0,0,1
STU1161,77.2,6.73,5,11.1,0,0,1,1
STU0100,71,5.75,10,3.8,0,0,1,0
STU0378,92.2,6.59,5,12.1,No,0,1,1
STU0521,81.8,7.11,4,4,0,0,2,1
STU0920,83,6.11,6,7,0,0,0,1
STU1963,35.1,6.63,26,11.5,0,1,1,0
STU1076,94.2,7.09,29,7.2,1,0,0,0
STU1523,65.2,8.86,1,4.1,0,1,3,0
STU0201,62.5,,17,7.7,1,1,2,0
STU0583,73.2,8.21,21,6.7,1,0,3,1
STU0893,76.1,8.71,15,8.4,1,0,4,0
STU1215,,6.1,10,9.5,1,0,2,0
STU1170,77.8,6.61,2,10.1,1,0,0,0
STU0966,60,6.95,9,9.8,0,0,1,1
STU0996,75.1,7.03,0,13,0,0,0,1
STU1380,66,3.81,28,10,0,0,0,1
STU0153,70.8,7.58,0,6.2,0,1,1,0
STU0397,76.9,7.5,24,11.6,0,0,2,0
STU1597,67.4,5.64,5,9.7,Yes,1,0,0
STU0556,66.3,7.52,3,12.2,0,0,2,0
STU0106,65.5,8.9,28,6.9,0,0,2,0
STU0310,47.8,7.25,20,8.5,0,0,0,0
STU0781,72,6.59,15,8.7,0,1,1,0
STU1300,100,7.43,18,1.7,0,1,0,0
STU1327,77.8,6.89,6,4.3,0,1,1,0
STU0380,100,8.59,8,7.1,0,0,2,0
STU0978,89.3,8.32,6,4.3,1,0,0,0
STU1755,62.9,7.06,26,10,0,0,1,0
STU1349,66.3,12.97,15,11.8,1,0,3,0
STU1830,50.7,6.4,7,6.2,0,0,1,1
STU1370,77,6.15,4,5.9,1,1,0,0
STU1560,73.6,5.27,9,4.3,0,0,0,1
STU1891,94.2,5.54,11,9,1,0,4,0
STU1886,64.5,7.85,16,7.1,0,1,1,0
STU1490,84.1,8.11,30,11.7,0,1,1,0
STU0363,89.6,4.81,15,9.8,0,0,3,1
STU1312,63.9,5.62,13,0,0,0,2,0
STU0541,76.3,7.93,7,6.2,1,0,0,0
STU0600,87.7,5.52,25,9,1,0,4,0
STU0599,70.6,6.56,30,6.7,0,1,0,0
STU0690,59.3,6.85,20,3.9,1,1,4,0
STU0664,61.3,4.26,27,6.7,0,0,0,1
STU1448,94.1,5.21,6,12,1,0,3,1
STU1733,70.9,7.81,1,7.7,1,0,2,0
STU0370,67.8,7.73,18,10.3,0,0,3,0
STU1866,69.6,8.94,8,7.5,1,0,0,0
STU0591,61.2,7.29,8,9.2,1,0,4,0
STU0528,76.6,6.91,12,11.7,0,0,0,0
STU1487,65.1,5.52,2,6.3,1,0,0,1
STU0488,97.8,6.57,19,7.7,0,0,1,0
STU0255,86.6,7.85,8,9.1,0,1,1,0
STU1953,92.2,7.58,9,9.4,No,1,1,1
STU1179,75,6.72,1,5.5,0,0,0,0
STU1412,86.9,5.75,23,5,No,1,1,0
STU1885,80.2,6.16,13,6.7,0,1,0,1
STU0818,97.2,6.28,5,4.1,0,0,0,1
STU1255,72.6,6.62,3,14.9,0,0,3,0
STU0137,52.9,8.19,27,15.1,0,0,1,1
STU0256,46.2,6.37,23,4.3,1,1,1,1
STU1244,72.5,8.65,30,6.4,0,0,0,0
STU1070,60.3,5.78,12,10.5,1,0,0,1
STU0855,71.6,6.97,12,11.3,1,1,2,0
STU1306,,6.86,14,10.2,Yes,0,2,1
STU0343,71.1,6.53,13,8.6,0,0,0,0
STU0304,58.8,7.2,3,4,0,0,2,1
STU1674,113.8,6.14,2,3.8,0,0,1,0
STU1130,55.8,7.08,1,14.4,0,0,1,0
STU1802,79.2,8.58,2,10.3,0,0,0,0
STU1952,77.7,6.99,21,12.8,0,0,1,1
STU0997,48.5,6.08,18,10.5,1,0,0,1
STU1313,94.6,5.6,10,6.8,1,1,0,1
STU0308,93.6,7,21,8,0,0,2,0
STU1702,57.3,6.51,12,15.7,0,1,3,0
STU0233,64.3,9.35,15,0,1,1,0,0
STU1600,100,6.09,26,7.6,1,0,0,1
STU1321,86,7.32,22,7,0,1,3,1
STU0897,64.8,7.12,11,8.6,0,0,2,1
STU1541,74.8,7.53,28,7.3,1,0,1,0
STU1708,76.6,6.96,3,6.2,0,0,0,0
STU1846,52.3,6.43,13,9.7,0,0,2,0
STU1776,62.9,6.64,28,10.4,0,0,0,0
STU1620,88.4,,14,6.7,0,0,3,0
STU0987,70.1,6.14,1,3.7,0,0,1,0
STU0698,80,5.68,25,4.8,0,0,3,0
STU1369,70.8,4.75,24,5.5,1,1,0,1
STU0140,95.3,5.46,25,2.8,1,0,0,1
STU0420,67.7,7.02,13,5,1,0,0,0
STU0288,74.1,5.99,6,10,1,0,1,0
STU1666,63.7,4.56,24,5.7,1,0,0,0
STU1289,82.2,6.79,19,10.6,1,1,0,1
STU0935,74.9,6.34,4,10.6,0,0,3,0
STU1706,75.9,7.73,30,10.5,0,0,1,1
STU0737,76.6,8.18,21,9,0,0,4,0
STU1151,63.6,7.99,23,9.6,0,1,0,0
STU0160,71,6.7,14,10.3,1,0,0,0
STU1081,73.9,6.54,23,7.2,0,0,1,1
STU1990,74.9,6.51,29,8.3,0,0,2,1
STU0849,72.5,6.61,3,9,0,0,3,0
STU0809,49.6,7.02,27,6.5,1,0,1,1
STU0372,80.1,6.39,13,8,0,0,0,1
STU0347,,12.97,15,7.8,0,1,2,0
STU0278,59.2,7.96,23,10.1,0,0,0,0
STU0246,55.9,6.28,3,1.6,0,1,1,0
STU0908,100,7.94,3,14.5,0,0,0,1
STU0941,77.4,6.19,25,8.5,0,1,1,0
STU0980,64.6,7.91,3,9.2,1,0,3,0
STU0972,67,7.35,26,7.8,1,0,2,0
STU1087,79.2,5.07,17,8.4,0,0,3,1
STU0658,95.5,5.85,13,10,1,0,3,0
STU1422,87.1,12.97,17,7,0,1,0,0
STU0362,71.1,6.97,27,9.4,1,0,0,0
STU1092,78.9,7.9,1,7.1,0,0,3,1
STU1867,52.1,6.2,7,10.3,0,0,0,1
STU1251,61.7,5.11,19,4.1,No,0,1,0
STU1051,85,7.07,14,5.3,1,1,0,1
STU0206,45.6,7.74,9,5.3,0,0,0,1
STU1114,52.6,,10,10.3,0,0,0,0
STU1144,59.7,7.95,2,4.4,0,0,0,0
STU0027,67.5,4.85,1,8.6,0,0,0,1
STU1107,60.7,5.45,8,15.5,1,0,2,0
STU0764,63.3,7.64,4,7,0,0,0,0
STU1584,,8.3,12,7.7,0,0,4,0
STU1681,81,5.63,15,10.3,Yes,1,1,0
STU1565,75.4,8.36,24,11.8,1,1,0,1
STU1717,59.6,5.36,28,11.8,1,1,0,1
STU1472,80.7,7.41,10,11.3,1,0,1,0
STU1532,36.2,5.8,23,5.9,1,1,0,1
STU0593,72.2,5.62,24,1.2,1,0,3,0
STU0796,71,4.75,24,9.2,1,0,2,1
STU0459,64.9,8.15,19,12.8,No,1,3,1
STU1029,80.2,5.49,1,7.6,1,0,1,0
STU0329,74.9,6.87,16,8.3,1,0,3,0
STU0098,97.2,5.05,3,11.6,0,0,1,0
STU0481,75.2,6.79,1,7.5,No,0,1,0
STU0247,61,,7,9.8,0,0,1,1
STU1007,55.7,8.13,28,8.9,0,0,2,1
STU1845,79.6,7.6,6,0.9,0,0,2,0
STU1570,66.7,8.22,11,11.2,1,0,0,1
STU1935,66.5,6.38,18,10.6,0,0,0,1
STU1611,94.4,6.4,12,15.3,1,1,4,0
STU1485,59.1,7.62,28,7.1,0,0,3,1
STU0668,54.7,7.4,13,9.9,0,0,2,1
STU1326,75.2,4.91,23,7.1,1,1,1,0
STU0124,72.6,6.22,27,7.3,0,0,2,0
STU0971,56.3,7.61,7,4.1,0,1,2,0
STU0896,91.4,6.61,6,11.6,0,0,0,0
STU1632,65,6.2,4,5,0,0,3,1
STU1991,91.5,7.58,30,10.1,0,0,2,0
STU1420,,6.11,12,10.4,1,1,1,0
STU0611,,6.45,23,12.5,0,0,4,0
STU0578,50.4,7.38,1,12.1,1,0,1,0
STU0691,87.9,6.9,2,2.7,1,1,2,0
STU1177,79.7,8.08,20,5.7,1,1,3,0
STU1291,83.7,12.97,2,5.4,0,1,2,0
STU0102,67.5,7.56,3,6.8,0,1,0,0
STU0164,71.8,,10,6.1,1,0,1,1
STU1623,,6.15,23,7.7,1,0,0,0
STU0187,54.1,9.13,15,5.7,0,0,0,0
STU0847,72.5,6.83,22,5.2,0,0,1,1
STU1933,72.3,7.7,25,10.4,0,1,1,0
STU0188,82,8.07,29,6.3,1,0,0,0
STU0553,87.1,6.83,15,5.4,0,0,3,0
STU0061,52.3,8.37,20,7.2,0,1,1,0
STU1911,72,6.13,1,8.8,1,1,1,0
STU1067,79.4,7.57,21,6,1,1,1,0
STU0512,82.7,8.04,0,9.2,0,0,0,0
STU1998,98.2,,27,7,0,1,0,0
STU0654,93.9,7.97,18,4.1,1,1,0,0
STU0732,44.8,6.78,25,8.3,1,1,1,1
STU1525,75.6,6.49,13,4.7,1,0,1,0
STU1814,66.1,5.5,25,8.3,1,1,0,0
STU1204,74.9,6.8,25,8.5,0,1,3,1
STU0348,65.3,7.59,7,6.8,0,0,0,0
STU1678,62.7,7.32,1,3.2,1,0,2,0
STU0306,82,5.94,27,11.5,Yes,0,2,0
STU0114,92.3,3,21,9.2,1,0,0,0
STU1418,46.9,7.26,8,8,0,0,0,1
STU0236,38.4,7.05,15,5.7,0,0,2,1
STU1860,44.6,7.35,21,10.3,0,0,2,0
STU0345,81.6,6.48,7,8.7,0,1,4,0
STU1482,75.4,8.36,27,7.8,0,0,2,0
STU1372,80.3,5.84,24,7.9,0,0,1,1
STU0227,100,6.38,6,7.3,0,0,4,0
STU0637,93.2,5.75,3,7.7,1,0,0,1
STU0349,95.9,8.56,1,5.3,0,0,1,0
STU1463,,7.46,5,10.5,1,1,2,1
STU1205,55.9,6.17,13,8,0,0,0,0
STU1061,65.3,6.2,20,9.6,1,1,0,1
STU0536,,9.26,9,2.9,1,1,3,0
STU1662,65.4,5.44,15,8.7,0,1,1,0
STU1284,,6.54,14,8.7,0,0,2,1
STU0297,68.5,6.56,19,9.2,1,1,0,0
STU1310,49.8,4.05,19,4.7,1,1,1,1
STU1965,66.7,6.84,5,5.9,1,0,1,1
STU0639,,7.48,24,9.9,0,0,2,0
STU1567,68.4,6.28,30,9.7,1,1,0,1
STU1837,80.3,9.08,24,12.9,0,0,0,0
STU1636,83.2,5.89,7,9.9,0,0,0,1
STU1847,79.3,7.37,19,6.8,1,0,2,0
STU0621,100,5.12,11,10.4,1,0,3,0
STU0602,78.3,7.54,6,11.4,0,1,2,0
STU0837,75.3,8.04,5,13.8,0,0,0,0
STU1630,30,6.43,4,11.9,0,1,4,1
STU0496,86.2,6.98,0,4.9,0,0,2,0
STU1287,82.1,5.39,29,12.2,0,0,2,1
STU0082,49.2,,25,6.3,0,0,0,1
STU0118,83.1,5.75,10,10,0,1,3,0
STU0463,80.4,7.56,0,10,1,0,3,0
STU0049,45.1,8.1,16,2.5,0,1,0,1
STU1240,91.1,4.93,28,14.4,1,0,2,1
STU1395,65.9,7.44,25,10.8,0,0,0,0
STU1573,67.4,7.74,0,10.5,0,0,2,0
STU1344,63.1,8.52,12,8.9,0,1,1,0
STU1513,75.4,5.93,27,18.1,0,1,2,1
STU1271,69,8.15,8,12.1,0,0,0,0
STU0055,79.5,,14,8.6,1,0,1,1
STU0916,70.1,7.61,18,10.2,0,1,0,0
STU1455,42.9,9.63,16,14.8,0,0,0,1
STU1511,77.2,7.21,5,9.5,1,0,2,1
STU0685,47,4.4,3,7.5,1,1,0,1
STU0660,89.1,,28,7.5,1,0,3,0
STU1091,65.4,5.46,7,11,1,0,0,0
STU1592,72.3,6.09,30,9,0,1,2,0
STU1695,67,6.9,6,8.1,0,0,2,0
STU1207,84.8,6.81,7,11.2,1,0,1,1
STU1563,36.3,5.48,11,6.1,0,1,0,0
STU1638,,8.17,25,8.9,0,0,0,0
STU0931,85.1,6.43,5,11.8,0,0,0,1
STU0779,49.2,6.16,28,7.4,1,1,3,1
STU1779,,7.32,17,7.9,0,1,0,0
STU1566,71.1,6.23,23,6,0,0,4,0
STU0025,51.8,6.25,29,4,0,1,0,0
STU0840,57,6.24,10,4.7,0,0,0,0
STU1748,70.5,6.68,19,10.4,0,0,3,0
STU0948,77.6,7.12,10,8.2,0,0,0,0
STU1334,90.3,6.12,23,9.5,1,1,1,0
STU0623,,5.98,0,9.2,1,0,0,1
STU0483,72.3,6.32,7,18.1,1,0,0,1
STU0228,76.4,6.13,26,7.1,0,0,2,1
STU0080,58,,22,5.7,0,0,0,1
STU0087,100,7.62,21,12.6,0,0,3,0
STU1143,62.1,6.9,21,6.4,0,0,0,0
STU1085,61.9,5.48,19,4.7,1,0,2,0
STU0468,90.6,6.15,29,5.6,0,0,2,1
STU1276,67.7,8.36,11,5.9,0,0,0,0
STU0323,100,4.73,1,10.1,0,0,0,1
STU0493,100,7.74,19,5.4,1,0,1,0
STU1086,,6.53,1,3,0,0,0,0
STU0245,73.3,6.27,25,6.4,1,0,3,0
STU0416,83.8,6.04,22,5.9,0,0,0,1
STU0038,92.1,5.98,29,11.5,0,0,4,0
STU0045,75.7,6.79,13,10.6,0,1,0,0
STU1827,76.1,5.35,6,14.2,0,0,1,0
STU1738,83.8,6.02,26,10.5,0,0,2,1
STU1849,58.2,7.82,14,8.6,0,0,2,1
STU1902,57.3,12.97,11,11.5,1,0,3,0
STU0078,64,7.4,18,5.1,1,1,0,0
STU1430,71.4,3.26,19,12.8,1,0,0,1
STU1459,81.9,7.41,30,8.8,0,0,0,0
STU0866,82.5,7.56,25,6.6,1,0,1,0
STU1373,71.5,6.17,22,4.9,0,0,0,0
STU1385,84.7,7.18,14,6,0,0,0,0
STU0248,71.4,7.75,2,12,1,0,0,0
STU1194,69.8,9.62,29,10.8,0,1,0,0
STU0280,66.6,8.52,11,2.5,1,0,1,0
STU0092,89.7,7.68,25,11.8,1,0,0,0
STU0224,81.3,7.94,0,7.1,1,0,0,0
STU1691,97.1,6.57,0,9.2,1,0,0,1
STU0552,62.6,5.48,5,10.2,0,0,0,1
STU0640,74.2,7.43,18,5.6,1,0,0,1
STU0542,59,,17,7.9,1,1,1,1
STU1000,77.6,6.66,8,4.5,0,0,0,0
STU0258,72.4,6.03,25,12.5,0,1,1,0
STU0979,92.4,6.63,9,9.3,1,0,0,0
STU0303,,6.74,19,5.8,0,0,0,1
STU0253,91.7,6.78,5,5.4,0,0,1,0
STU1980,62.6,9.53,25,10.8,1,0,3,1
STU1108,64.7,7.64,26,3.2,0,1,2,1
STU1806,65.5,6.36,18,7.8,1,1,4,0
STU0547,71.6,7.41,24,5.6,1,0,1,0
STU1767,82.6,6.99,8,3.1,0,0,0,0
STU0314,81.2,7.65,25,7.6,0,1,0,0
STU1613,71.3,6.5,3,7.4,0,1,0,1
STU1659,91.5,6,4,3.7,0,0,3,0
STU1032,68.8,6.64,9,5.7,0,0,3,0
STU1698,100,5.7,12,7.2,0,0,0,1
STU1415,68.6,8.09,0,8,1,0,2,0
STU0516,77,6.35,7,8.9,0,0,0,1
STU1969,79.7,7.93,3,6.1,0,1,1,0
STU1318,88.5,4.1,9,4.6,0,0,0,0
STU1648,70.2,6.67,2,7.7,0,1,0,0
STU0012,73.6,7.26,11,4.5,0,0,0,1
STU1342,77.6,5.46,24,7.2,1,0,1,0
STU1769,79,5.4,26,7.6,0,0,0,1
STU0841,65.3,6.31,1,8.3,1,0,2,0
STU1527,80.8,6.87,14,9.4,1,0,2,0
STU1671,59.9,5.3,8,7.1,0,0,0,1
STU0126,77.4,8.22,5,5.1,0,0,0,0
STU0782,,6.29,19,2.9,0,1,0,1
STU1021,,7.37,28,9.6,0,0,2,0
STU1859,59.3,6.87,3,8.5,0,0,2,1
STU1159,60.6,7.49,1,8.4,1,1,4,0
STU0619,83.7,5.39,29,6.9,0,0,1,0
STU1011,56.7,5.82,0,6.6,0,0,1,0
STU0706,78.5,8.92,22,6.5,0,1,4,0
STU0540,73.4,6.14,20,6.5,0,1,0,1
STU1944,50.5,9.12,5,7.7,0,0,3,0
STU1822,63.7,4.99,25,8.4,1,0,0,0
STU0268,64.4,7.38,6,5.5,0,1,0,0
STU0213,60.4,6.73,23,3.5,0,0,0,1
STU1508,82.4,6.97,3,12.8,0,0,0,1
STU1624,46.7,4.86,7,8,0,0,0,1
STU1749,97.1,7.1,20,10,0,0,1,0
STU0252,54.7,7.83,21,8.8,0,0,2,0
STU0701,70.3,7.06,14,5.1,1,0,0,0
STU0123,100,6.66,10,11.3,0,0,0,0
STU0042,61.2,4.36,20,4,1,1,0,1
STU1580,74.8,7.55,18,12.1,0,1,1,0
STU1409,73.9,8.72,19,8.7,1,0,1,0
STU1912,88.3,5.96,6,3.4,0,0,0,0
STU0485,113.8,5.57,13,8.3,1,0,1,0
STU1084,78.5,4.67,0,9.9,Yes,0,2,0
STU0834,56.1,7.31,26,10.5,0,1,0,0
STU0426,74.3,6.7,13,11.4,0,1,3,0
STU0469,66,6.26,21,9.8,1,0,0,1
STU0771,99.7,7.45,15,11.2,0,0,0,0
STU1959,48.2,7.23,23,9.9,0,1,0,1
STU1246,53.8,8.12,13,4.5,1,0,3,1
STU0722,68.6,7.6,30,3.4,1,0,2,0
STU0115,72.5,4.78,8,8.9,0,1,2,0
STU1017,59.6,7.62,22,6.1,0,1,0,0
STU1987,80.8,6.48,21,11.5,0,0,1,0
STU0716,69.8,6.56,3,8.6,1,0,0,0
STU1960,79.4,8.05,1,8.6,0,0,0,0
STU1226,54.4,5.61,19,11.5,0,0,4,1
STU1947,80.2,6.37,1,3.6,0,1,0,0
STU0032,78.7,5.95,27,6.4,1,0,0,0
STU0202,69.2,5.87,29,13,0,1,3,0
STU1538,41.6,7.28,22,8.7,0,0,2,1
STU1228,68.3,5.19,15,9.8,0,0,0,0
STU0293,68.8,3,17,5.9,1,0,0,0
STU0220,83.4,6.06,9,4,0,0,0,0
STU0537,62.6,6.75,19,7.6,1,1,2,0
STU0919,,9.21,24,3.6,0,0,1,1
STU1363,59.4,5.79,27,11.9,0,0,0,1
STU0735,79.5,4.47,23,7.5,0,0,1,0
STU0913,60,8.02,4,4.1,1,1,1,0
STU1562,64.8,6.09,18,7.9,0,0,1,0
STU1920,71.9,5.45,2,3.6,0,0,0,0
STU0595,47.7,7.56,23,7.2,0,0,4,0
STU0226,98,4.11,3,8.6,1,1,0,1
STU1609,100,4.61,23,5.8,0,0,4,1
STU1599,72.2,7.84,28,3.1,1,1,0,0
STU0079,96.1,8.27,20,3.3,0,1,2,0
STU1400,89.7,7.75,10,7.1,0,0,4,0
STU1358,76.2,7.63,22,9.8,1,0,0,1
STU1184,,6.97,10,3.4,0,0,0,1
STU1182,57.5,7.54,12,6,0,0,0,0
STU0720,66.6,7.94,26,7.1,1,0,0,0
STU1489,76.7,8.44,9,8.8,0,0,1,0
STU1555,63.3,4.99,15,17.9,0,0,4,0
STU0333,51.9,6.42,14,8.4,0,0,2,0
STU1797,50.6,5.71,13,9.4,0,1,1,0
STU0874,68.3,7.15,23,8.8,1,0,1,0
STU0684,82,9.04,23,5.7,0,0,0,1
STU1461,21.4,6.26,15,10.3,1,0,2,1
STU1549,51.2,7.51,11,6.8,0,1,0,0
STU1871,95.8,5.94,24,8.7,0,0,0,1
STU1782,96,6.38,20,10.1,0,0,1,0
STU0785,86.9,7.49,16,7.1,0,1,1,0
STU0626,85.5,7.05,12,9.3,1,1,0,1
STU0262,92.5,7.6,23,5.5,1,0,1,1
STU0832,,,27,5,1,1,0,0
STU0657,72.8,7.74,7,6.9,0,1,2,0
STU0703,83,4.95,3,9.7,0,0,1,1
STU0117,92.5,5.91,16,10.1,0,1,2,0
STU0028,71.3,5.93,26,7.4,1,0,0,0
STU1144,59.7,7.95,2,4.4,0,0,0,0
STU0180,45.9,6.82,4,11.6,1,0,0,0
STU0249,87.9,7.36,1,8,0,1,1,1
STU1174,100,7.1,28,9.8,0,1,1,0
STU1396,74.9,8.8,6,7.5,0,0,1,0
STU1198,90.3,8.11,0,6.9,1,0,1,0
STU0759,100,8.65,15,7,0,0,2,0
STU0168,64.3,6.25,9,9,1,1,4,0
STU0565,70.3,6.13,12,5,1,0,1,0
STU1633,62.6,5.32,12,9.3,0,0,0,1
STU1484,68.1,8.34,23,7.7,0,1,3,0
STU1914,61,5.77,16,5.8,0,0,0,1
STU1066,91.5,,11,5.9,1,0,3,0
STU1727,77.4,9.48,12,4,0,0,2,0
STU0938,81.5,6.2,14,2.4,1,0,1,0
STU0604,60.5,6.25,5,9.7,0,0,3,0
STU1303,72.5,5.73,9,7.5,0,0,2,0
STU1339,65.1,6.39,11,8.3,0,1,1,0
STU1740,61.1,7.57,26,8.6,1,0,0,1
STU1731,64.2,5.06,0,6.8,0,0,0,1
STU1261,55.7,10,21,6.5,0,1,2,0
STU0634,54.3,8.71,6,6.2,0,0,0,0
STU1381,55.2,5.54,10,10.1,0,0,3,0
STU0761,70.4,8.73,8,7.6,1,0,2,0
STU0491,49.9,8.07,20,6.4,0,0,0,0
STU1639,80.8,4.79,3,9.1,0,0,3,1
STU0292,67.7,5.79,22,5.8,0,0,1,0
STU0176,113.8,8.21,4,9.2,1,0,0,0
STU1625,52.1,9.33,18,1.8,0,0,1,0
STU0795,68.8,7.2,8,7.5,0,1,1,1
STU1183,85.3,8.48,30,10.3,1,1,0,1
STU1150,81.5,7.76,10,8,1,1,1,0
STU1077,46.4,6.7,6,10.5,0,1,0,1
STU0218,79.1,5.52,13,11.1,0,0,0,1
STU0122,51.9,,4,7.7,0,0,0,1
STU1327,77.8,6.89,6,4.3,0,1,1,0
STU1275,78.9,8.42,18,11.6,0,0,0,0
STU1142,78.5,8.33,4,10.8,1,0,3,0
STU0033,61.2,5.45,23,7.9,1,0,4,0
STU1501,75.3,6.84,1,5.8,1,0,1,0
STU1663,62.2,8.13,27,12.8,0,0,4,1
STU0813,80,4.79,0,5.5,1,0,1,0
STU1072,65,7.79,7,8.1,1,0,2,0
STU0964,76.4,7.38,25,7.1,0,1,4,1
STU0860,90.3,6.32,24,8.5,1,1,1,1
STU1890,113.8,8.63,26,10.3,1,0,2,0
STU1023,76.8,6.94,29,9.1,0,0,0,1
STU0944,100,,14,7.7,0,0,1,0
STU1524,90.8,5.88,16,2.6,0,0,2,0
STU0800,93.2,,11,6.6,0,0,1,1
STU1148,62.3,6.23,2,9.5,0,1,3,1
STU0775,82.2,6.82,19,9.8,0,0,3,0
STU1119,73.2,8.07,28,4.7,0,0,0,0
STU0475,80.2,7.34,4,10.8,0,0,0,0
STU0095,60.3,6.02,0,7.1,0,1,0,1
STU0399,61.4,9.45,25,9,1,0,0,0
STU1097,,8.61,10,6.7,1,0,0,1
STU1770,100,6.93,21,7,0,1,0,0
STU1245,65.5,7.78,14,3.1,0,1,2,0
STU1252,50.1,8.01,22,3.5,1,0,0,0
STU0729,68.6,8.8,9,6,0,0,0,1
STU1186,100,7.4,15,2,1,1,1,0
STU1383,62.3,7.75,30,5.7,0,0,0,0
STU1224,86.2,7.43,10,8.3,0,0,2,0
STU0982,74.8,7.49,17,10,0,0,0,0
STU1446,51.9,5.65,30,4.5,0,1,3,0
STU0730,62.8,8.63,27,6.7,0,0,2,1
STU0030,99.1,6.04,12,7.7,0,0,0,0
STU0922,92.9,7.36,12,8.3,0,1,4,0
STU1840,78.3,8.2,12,7.3,1,1,1,0
STU1433,52.4,7.02,27,9.7,1,1,1,0
STU0345,81.6,6.48,7,8.7,0,1,4,0
STU1305,50.5,4.49,30,7.3,0,0,2,1
STU0144,81.9,5.55,7,13.1,0,0,2,1
STU0149,82.5,6.05,11,7.6,1,1,2,1
STU1848,67.1,5.93,21,10.3,1,1,1,0
STU0930,80.7,4.33,21,10.4,0,1,1,1
STU0793,90.9,6.16,17,4.9,0,0,3,0
STU1200,94.5,6.47,7,2.4,0,1,2,0
STU1105,61.9,6.91,17,7.2,0,0,1,0
STU0807,58.5,6.3,24,8.9,0,0,1,0
STU1080,67.3,,24,14,1,0,0,0
STU0461,,7.16,10,8,0,0,1,0
STU1742,89.4,7.96,24,9.5,0,0,1,0
STU0854,76.6,8.51,11,12.2,1,1,1,0
STU0680,51.8,8.5,9,9.8,0,1,2,0
STU1101,93.1,7.04,14,1.7,0,0,0,0
STU0719,67.8,8.06,25,4.5,1,0,2,0
STU0746,77.9,6.84,5,12,0,0,1,0
STU1893,68.7,6.31,16,9.6,0,0,0,0
STU1328,47.5,5.91,25,10.4,0,1,0,1
STU0826,44,6.29,13,9.2,0,0,0,1
STU1408,47.6,7.72,10,10.8,0,1,2,1
STU0260,71.5,6.13,14,3.7,1,0,3,0
STU1015,63.8,5.3,26,6.7,0,0,0,1
STU0295,68.8,8.65,6,11,0,0,0,0
STU0650,67.9,4.45,25,7.1,1,0,0,1
STU0518,63.6,7.31,4,10.3,1,0,0,0
STU1437,,,21,5.4,0,0,1,1
STU1821,42.8,,14,11.3,1,0,1,1
STU1404,70.8,7.05,24,7.6,0,0,3,0
STU0581,67.2,5.17,12,5.9,1,1,0,1
STU1111,76.9,5.56,23,5.4,0,0,0,1
STU0915,83.7,6.12,12,12.2,0,0,2,1
STU0184,93.3,5.7,26,8.4,0,0,0,1
STU1943,,6.4,25,8.7,1,0,4,0
STU1842,65.8,7.94,2,8.8,1,1,1,0
STU1707,80.6,6.2,20,10.1,0,0,2,0
STU0402,82.7,8.33,22,9.7,0,0,3,0
STU0223,67.2,6.36,2,6.7,1,1,4,0
STU1127,94.6,8.14,21,3.7,0,0,3,0
STU0330,62.4,6.73,15,11.4,1,1,0,0
STU1403,65,,10,7.8,1,0,1,0
STU0158,75.5,7.89,4,7.3,Yes,0,2,0
STU1924,64.9,5.52,15,8.8,1,0,3,0
STU0856,49.5,6.41,13,12,1,0,1,1
STU0601,66.2,5.89,9,15.8,1,0,2,0
STU1962,48.3,5.73,21,12.8,1,1,3,1
STU1129,62.6,10,11,4.2,0,1,1,0
STU0432,64.7,6.85,12,15.9,0,0,1,1
STU1545,39.3,6.73,7,3,1,1,1,1
STU0852,74.5,,8,9.4,0,0,0,1
STU1452,34.8,5.55,29,11.3,0,0,0,0
STU0066,67.5,7.72,16,6.4,0,0,0,0
STU1386,113.8,4.22,26,8.7,1,0,0,0
STU0570,59.4,6.08,14,9.8,0,0,0,0
STU1425,55.3,6.89,7,6,0,0,2,0
STU0480,57.2,8.74,14,5.1,0,0,0,0
STU1426,,6.14,26,4.8,0,0,2,0
STU1416,84.9,8.55,26,6.2,0,0,2,0
STU0934,67.1,4.16,3,11.8,0,0,0,1
STU0125,69.5,7.52,9,12.1,0,1,1,0
STU0138,66.3,5.25,2,6.8,0,0,1,0
STU1721,72.3,6.85,15,4.4,1,0,1,1
STU1322,96,8.67,26,10.8,0,0,0,0
STU1350,91.4,6.46,27,6.1,0,0,1,0
STU0379,69.2,7.82,9,1.3,0,0,4,0
STU1307,,7.04,12,7.4,1,0,0,0
STU1704,71.2,7.1,5,4.1,0,0,0,0
STU1552,56.5,9.73,16,9.8,1,0,0,1
STU0973,75.9,5.52,2,9.8,0,0,0,1
STU1235,83.7,6.89,5,8.1,0,0,2,0
STU1931,54.6,8.49,15,5.5,1,1,0,0
STU1528,71.6,5.08,30,3.7,No,0,0,1
STU0876,72.3,5.63,12,6.2,1,0,0,1
STU0925,64.7,3.51,8,9.2,1,0,4,1
STU1074,98.9,8.65,18,9.8,0,0,1,0
STU0003,58.3,7.63,12,6.9,0,0,0,0
STU0676,51.5,5.5,25,9,No,1,3,1
STU0473,94.3,4.34,16,7.3,0,0,2,1
STU0346,,,20,7.8,0,0,1,1
STU1809,62.9,8.4,15,3.9,0,0,3,0
STU0384,72.1,5.1,27,10.9,0,0,2,1
STU0721,78.9,6.63,9,8.8,0,0,3,0
STU1772,79.5,6.41,6,10.2,0,0,0,1
STU0487,67.2,7.12,26,6.4,0,1,4,1
STU1756,113.8,7.22,23,7,0,1,1,0
STU0192,43.4,7.36,4,13.9,0,1,0,0
STU1209,57.7,7.41,30,7.9,0,0,0,0
STU0348,65.3,7.59,7,6.8,0,0,0,0
STU0983,70.2,5.41,16,6,0,0,0,0
STU1697,69.3,5.94,14,6.9,1,0,0,1
STU0119,66.2,4.31,3,11.5,0,0,2,1
STU0633,100,5.12,9,7.7,1,0,0,1
STU0395,70.9,9.07,25,8.7,1,1,1,1
STU1815,81.7,7.9,23,12.7,1,0,0,0
STU0054,73.5,8.14,26,8.7,0,1,2,0
STU1870,59.5,5.8,22,2.4,0,0,3,1
STU0431,56.2,7.82,27,7.7,1,0,1,0
STU1167,88.3,7.33,4,13.7,1,0,0,0
STU1249,68,12.97,0,9.1,0,0,0,0
STU0382,78.7,7.29,17,5.2,0,0,0,0
STU1155,80.9,6.61,21,10.3,0,0,1,0
STU1062,75.7,5.37,12,6.8,0,0,1,0
STU1690,38.6,7.2,24,9.4,1,0,2,1
STU0966,60,6.95,9,9.8,0,0,1,1
STU0265,60.7,6.68,24,12.3,0,0,0,1
STU1653,73.4,8.87,15,9.2,1,0,3,0
STU0523,80.5,7.26,25,12.9,0,0,0,0
STU0756,66.5,5.72,26,9.7,1,0,4,1
STU1937,41.2,7.17,12,8.7,1,0,1,0
STU1365,71.6,7.43,20,7,1,1,1,1
STU0296,85.5,6.2,16,9.6,1,1,1,0
STU0375,53.2,8.35,22,7,0,0,4,0
STU1368,64,4.98,25,9.6,0,0,0,1
STU0367,51.9,6.22,23,3.5,0,1,4,0
STU0365,54.1,5.58,6,2.2,0,1,0,1
STU0534,71.4,7.08,20,11.5,0,0,0,0
STU1434,69,7.25,20,5,0,0,0,0
STU1972,85,6.99,13,8.3,1,1,0,1
STU0442,71.8,6.4,17,10.7,0,0,0,0
STU0838,,8.09,18,7.7,1,0,2,0
STU0172,,5.46,1,12.6,0,0,1,1
STU0750,71.1,6.57,14,10.7,1,0,0,0
STU0592,90.2,6.63,21,9.2,1,1,0,0
STU0742,85.2,6.86,6,10.1,0,0,0,1
STU0211,72.6,5.09,5,9.4,Yes,0,0,1
STU0039,88,5.26,22,4.7,0,0,4,0
STU0546,74.3,6.99,11,8.6,0,0,2,0
STU0101,68.7,6.65,30,8.3,1,1,1,0
STU1060,58.5,5.58,3,2.7,0,1,1,0
STU0681,61.4,7.66,3,7.8,0,1,1,1
STU1730,85.3,9.86,17,13.1,0,0,3,0
STU0962,60.4,5.86,7,11,0,0,0,1
STU0851,76.9,7.38,29,5,0,0,1,0
STU0415,50.4,7.94,16,10.9,0,1,0,0
STU0024,52.2,7.29,10,10,0,1,2,1
STU0975,73.5,6.83,18,5.7,1,0,0,1
STU1642,52.5,8.52,0,5.9,1,0,2,0
STU0291,83.2,4.38,10,9,1,1,2,1
STU1673,85.3,7.3,28,8.4,0,1,2,0
STU1720,77.9,5.8,26,11.2,0,0,2,1
STU0538,87.1,5.53,29,8.8,0,1,0,1
STU1006,75.1,,28,8,0,0,3,1
STU1869,37.9,6.92,27,10.6,0,0,0,0
STU0068,45.3,7.66,28,7.3,1,1,1,1
STU1340,75,,24,13.1,0,0,0,0
STU0717,77,7.47,29,8.7,0,0,3,0
STU1038,86.5,5.94,15,10.4,0,0,0,1
STU0479,87.8,7.75,10,10.7,0,1,0,0
STU0031,87.2,10,17,4.3,0,1,3,0
STU1098,54.9,3.85,22,5.1,1,0,0,1
STU0976,67.5,6.8,22,3.9,0,0,1,1
STU1978,80.6,5.05,8,14.1,0,0,0,1
STU0828,73.6,5.79,17,10.1,0,0,0,1
STU0388,96.6,5.86,11,10.2,0,0,1,0
STU0697,71,,12,7.1,1,0,1,0
STU0710,67.5,5.59,2,8.4,No,0,1,0
STU0805,90.2,,24,6.1,1,0,0,0
STU1376,55.7,5.87,22,6.5,0,0,2,0
STU0504,68,5.72,2,16.1,0,0,2,1
STU0974,62.8,6.41,14,8.7,1,0,0,0
STU0073,71.5,5.78,8,11.9,0,0,2,0
STU0545,62.4,7.69,4,7.1,0,1,1,0
STU1876,62.9,,9,8.3,1,0,3,1
STU0820,,10,3,7.2,No,0,0,0
STU0713,57.2,9.49,20,9.4,0,0,2,1
STU0511,68.8,8.17,9,8.5,0,0,3,0
STU0673,68,6.9,22,9.5,0,1,2,0
STU1407,52,8.37,3,9.7,1,1,0,0
STU1932,100,8.56,25,5.6,1,0,0,0
STU0212,58.1,6.26,8,8.9,1,0,0,1
STU1402,,8.1,20,7.4,0,1,4,0
STU1615,94.6,3.24,14,9.5,0,0,4,1
STU0936,94.9,3.44,4,9.3,0,1,4,0
STU0369,88.7,6.71,26,8.3,1,0,0,0
STU1438,86.5,6.84,23,6.9,0,0,0,0
STU1288,75.7,7.94,12,2.9,0,0,0,0
STU0112,113.8,6.33,24,9.5,0,0,0,0
STU1202,72.2,6.29,2,11.1,0,1,2,0
STU0498,100,7.77,19,14.6,0,0,2,0
STU1734,57.8,8.21,2,2.4,1,0,0,0
STU0525,75.7,3.87,5,7.4,0,0,2,1
STU0136,74.4,7.14,14,12.5,0,0,2,0
STU1281,76.1,6.08,3,11.2,0,1,0,1
STU1712,85.6,6.35,25,8.8,0,0,2,0
STU1970,52,10,10,10.3,Yes,1,2,0
STU1861,70.8,9.65,3,6,0,0,0,0
STU0603,50.7,8.9,21,0.5,1,0,3,0
STU0261,89.8,7.6,16,7.9,1,0,0,1
STU1664,82.2,4.94,0,12.5,0,1,0,1
STU1992,82.8,6.62,16,9,1,1,1,0
STU0197,78.6,7.8,22,11.8,0,0,0,0
STU1352,66.2,,13,5.7,1,0,1,0
STU1917,67.3,8.19,21,9.5,1,1,1,0
STU0794,65.1,6.69,1,6.8,0,0,0,0
STU0004,52.4,7.33,18,3.7,0,0,1,0
STU0377,76.7,5.02,9,9.8,1,0,1,0
STU1169,75.6,5.27,4,8,1,1,0,1
STU1410,50.7,7.24,19,8.7,1,1,0,1
STU0734,84,12.97,17,11.2,1,0,1,1
STU0240,68.3,3.95,15,10,0,0,0,1
STU1361,59.2,5.93,19,6.6,1,1,3,0
STU0763,100,9.19,6,7.6,1,0,1,0
STU0647,94.2,5.02,24,5.7,1,0,1,0
STU0959,81.4,8.58,24,4.9,0,0,2,0
STU1544,80.5,6.48,28,9,0,0,0,0
STU0612,89.2,5.47,24,4.5,0,1,2,1
STU0624,84,8.15,21,12.7,0,0,1,0
STU0687,48,4.62,15,8.9,0,0,4,1
STU0454,60.6,6.63,19,10.6,0,1,0,1
STU0621,100,5.12,11,10.4,1,0,3,0
STU1139,43.3,5.64,3,10.7,1,0,4,1
STU1022,55.9,6.94,4,7.9,0,0,0,0
STU0316,59.9,8.5,28,8.9,0,0,0,0
STU0625,71,8.23,5,7,0,1,1,1
STU0460,113.8,7.71,20,7.2,0,1,1,0
STU0568,65.2,9.07,6,7.2,1,0,2,0
STU0539,63.3,7.15,12,7.8,1,1,2,0
STU0043,72.3,5.44,25,7.8,0,0,3,0
STU0464,86.2,7.52,24,6.8,0,0,3,0
STU1295,69.3,7.73,5,3.3,0,0,2,0
STU1075,92.4,6.88,19,10.3,0,0,0,0
STU1923,80,6.38,6,3,0,0,3,0
STU1595,65.5,7.36,21,9.7,1,1,1,0
STU0736,,6.56,23,10.9,1,1,4,1
STU1212,71.3,,17,8.5,0,1,1,0
STU0489,38.8,6.57,1,10.5,1,0,3,1
STU0745,,5.38,14,7.9,0,0,0,1
STU1057,73,5.93,21,5.3,0,1,4,1
STU1040,63.9,6.58,17,8.3,0,0,1,0
STU0497,,4.51,18,7.7,0,0,0,1
STU1646,70.3,6.39,16,13.9,1,1,2,1
STU0011,78.6,5.9,15,4.5,0,0,3,0
STU1703,80.1,4.63,6,5.9,0,1,1,1
STU1421,54.3,6.05,19,2.6,0,0,0,1
STU0551,45.7,7.34,3,5.3,0,1,1,0
STU1135,79.3,6.87,20,8,0,0,2,1
STU0846,69.2,8.47,5,7.4,1,1,1,0
STU1113,54.1,4.6,21,11.1,1,0,0,1
STU0522,65.5,7.85,27,9.1,0,0,1,0
STU1594,61.2,6.64,9,9.4,0,0,1,1
STU1936,77.5,7.15,29,10.4,1,1,3,0
STU1915,67.1,6.48,11,6,0,0,0,1
STU0458,91,,26,5.6,0,0,0,0
STU0006,74.7,4.44,29,3.6,1,0,0,1
STU1149,,6.18,11,4,0,0,0,1
STU1214,62.1,6.42,24,6.4,0,1,0,1
STU0423,89.5,7.91,30,8.1,0,1,0,0
STU1651,81.7,8.57,3,5.2,1,0,3,0
STU1533,73.8,5.84,29,7.9,1,0,0,1
STU1901,79.7,5.58,27,5.7,0,1,0,1
STU0984,89.3,6.22,12,8.4,1,0,0,1
STU0586,74.7,6.38,17,14.4,0,0,0,0
STU0453,74.7,5.56,29,9.3,0,0,2,1
STU1374,67.7,8.75,16,3.9,0,0,0,0
STU1900,83.2,6.58,23,4.5,0,0,4,0
STU0554,95.8,5.9,6,1.5,0,0,0,0
STU0606,57.3,5,5,10.2,0,1,4,0
STU1621,58.8,6.09,9,12.6,0,0,4,0
STU0235,83.3,6.92,16,6,1,1,0,0
STU0752,67,4.71,1,5.9,0,0,0,0
STU1835,91.4,7.29,20,5.5,0,0,0,1
STU0020,67.6,6.06,26,10.7,0,1,0,1
STU0509,73,8.8,10,7.5,1,0,1,1
STU0707,46.3,7.79,16,13,0,0,2,0
STU0319,72.8,6.95,27,5.1,Yes,0,0,0
STU0129,72.6,7.62,13,1.8,0,1,1,0
STU1726,51.4,7.04,2,3.8,0,1,4,0
STU0484,,6.31,5,4.8,0,0,1,0
STU0990,73,7.64,6,2.7,0,0,1,0
STU1247,44.7,9.04,24,3.8,1,1,0,1
STU1957,79.5,4.85,9,7.7,1,0,1,1
STU1285,66.2,4.8,7,5.4,0,0,0,1
STU0105,,5.66,2,11.2,0,0,0,1
STU1678,62.7,7.32,1,3.2,1,0,2,0
STU0961,66,5.14,30,11,1,1,4,0
STU1102,61.9,5.77,1,6.4,0,0,0,1
STU0607,82.4,8.7,2,5.6,0,0,0,0
STU1905,66.7,7.81,24,7.5,Yes,0,0,0
STU0182,58.4,6.26,12,4.9,0,0,3,0
STU1317,,6.61,17,9,0,0,1,1
STU0751,78.3,5.45,0,7.8,0,1,0,0
STU1918,48.1,7.43,30,9.8,0,1,0,1
STU1682,64.1,6.89,15,7.7,0,0,3,0
STU1598,54.6,9.6,6,11.9,0,0,0,0
STU1752,62.1,6.6,23,8.7,0,0,0,0
STU1018,69.7,7.62,2,6.1,0,0,4,0
STU0058,71.2,9.09,7,11.5,0,1,1,0
STU1542,66.9,5.42,7,6.9,0,0,1,0
STU1464,46.1,6.61,5,7.2,No,1,2,0
STU1795,70.4,5.13,8,9.5,0,0,4,0
STU1175,87.6,6.47,18,8.5,0,1,2,0
STU1083,78.8,7.05,11,9.4,0,0,3,1
STU0433,89.3,8.2,28,9.3,0,0,0,0
STU0827,65.1,6.43,29,11.4,0,0,1,0
STU0322,81.1,8.56,30,7.9,0,1,2,1
STU1480,72.6,7,25,8.4,0,0,0,0
STU0862,56.9,5.93,10,9.1,0,0,4,0
STU1880,68.8,7.08,7,10,0,1,0,0
STU1043,59.5,6.52,15,10.1,0,0,4,0
STU1045,81.9,5.93,26,8.2,0,0,1,0
STU0821,43.1,8.59,29,9.8,1,0,0,1
STU0567,45.3,8.08,17,15.5,No,1,2,1
STU0053,73.4,8.97,10,16,1,1,1,1
STU1548,61.3,6.15,8,9.3,1,1,2,0
STU0704,82.3,12.97,30,5.5,1,0,0,1
STU1495,67.4,6.38,3,6.1,1,0,3,0
STU0753,69.2,6.66,21,3.6,0,0,2,0
STU0790,57,,28,9,0,0,3,0
STU1774,59.7,7.93,25,7.8,No,1,0,0
STU1547,77.6,6.82,18,7.9,0,0,3,0
STU1357,61.3,7.51,5,11.9,0,1,0,0
STU0389,63.6,6.25,23,11.1,1,0,0,1
STU1191,60.4,6.53,7,9,0,0,0,0
STU0560,48.7,9.46,4,4,0,1,1,0
STU0476,64.8,6.28,25,14.6,0,1,0,1
STU1449,89.8,7.88,3,5.9,1,0,1,0
STU1764,41.7,7.51,29,4.1,0,1,2,1
STU0385,67.9,5.13,14,12.1,1,1,2,1
STU1539,72.5,6.03,21,7.9,0,0,2,0
STU0727,81.4,6.53,5,7.1,0,0,1,0
STU0121,76.1,,13,9.6,0,1,1,0
STU1056,79.5,6.22,27,8,1,0,2,0
STU0403,,8.6,19,7.1,1,0,3,1
STU1451,70.9,6.31,24,4.3,No,1,0,0
STU1185,70,5.77,21,10.1,0,0,2,1
STU1925,76.8,4.81,21,10.3,0,0,1,1
STU1850,71.3,6.01,20,3.9,0,0,1,0
STU1705,70,5.94,30,4.7,0,0,0,1
STU1892,74.3,7.22,0,12.1,0,0,0,1
STU0671,74.2,7.2,15,8.3,1,0,0,0
STU1378,99.8,5.4,27,8.3,0,0,1,0
STU1104,91.7,5.96,12,13.6,0,0,0,1
STU1203,73.8,,23,11.5,1,0,0,1
STU1610,62.6,9.81,17,13.4,0,1,0,1
STU0733,89.5,8.71,23,5.9,0,0,2,0
STU0582,71.9,6.87,2,13.8,0,0,0,1
STU0231,68,5.87,4,6.2,1,0,0,1
STU0620,96.7,6.88,29,8.4,1,0,2,0
STU0940,54.4,8.03,30,6.1,0,0,2,0
STU1242,71.1,7.07,12,7.7,1,1,0,1
STU1684,68.8,7.36,28,8.5,0,1,2,0
STU0325,67.6,,1,10.4,0,1,1,0
STU0165,62.6,5.63,17,8.4,0,1,1,0
STU1773,74.5,7.38,27,5.7,0,1,1,0
STU1265,70.8,7.8,3,9,0,0,2,0
STU1908,64.1,5.66,1,6.3,0,0,1,0
STU0094,113.8,7.21,18,11.7,0,0,2,0
STU0770,78.7,8.64,15,9.3,0,0,1,0
STU1431,79.4,7.2,12,7.8,1,1,3,0
STU0812,70,8.21,3,4.1,0,0,3,0
STU0767,73.6,6.2,1,7,0,0,0,1
STU0135,84.2,5.79,5,2.8,1,1,2,0
STU1989,74.8,7.54,17,8,0,0,0,0
STU1164,60.7,5.6,24,3.8,0,0,0,1
STU1546,53.9,6.58,17,11.8,0,0,1,1
STU0501,93.8,6.22,10,5.8,0,1,1,0
STU1745,70.1,6.71,2,11.9,0,0,3,0
STU0768,,7.68,8,12.1,1,1,0,1
STU0132,86.9,7.7,25,8.9,1,0,1,0
STU1984,65.6,5.08,12,14.6,0,0,1,0
